full_sun_brightness,shade_brightness,temp_sun,temp_shade
753,129,114.13,97.7
753,130,114.57,97.7
752,128,114.69,97.7
752,129,114.8,97.7
751,129,114.91,97.7
751,127,115.36,97.7
751,127,115.7,97.7
750,125,116.26,97.7
750,125,116.71,97.7
749,126,117.16,97.7
749,128,117.61,97.7
749,125,117.95,97.7
748,126,118.17,97.7
748,128,118.63,98.6
748,127,119.07,98.6
747,127,119.52,98.6
747,125,119.97,98.6
746,121,120.42,98.6
746,120,120.65,98.6
746,119,121.1,98.6
745,118,121.55,98.6
745,118,121.89,98.6
745,119,122.11,98.6
744,123,122,98.6
744,124,122.34,98.6
744,123,122.56,98.6
744,125,121.89,98.6
744,124,121.77,98.6
744,125,122.22,98.6
744,124,122.56,98.6
743,125,123.13,99.5
743,125,123.57,99.5
742,125,123.46,99.5
742,124,123.46,99.5
742,124,123.57,99.5
742,124,123.8,99.5
742,124,123.8,99.5
741,123,124.25,99.5
741,123,124.47,99.5
741,123,124.36,99.5
741,122,124.25,99.5
741,123,124.02,99.5
741,124,124.25,99.5
740,123,124.02,98.6
740,122,124.14,98.6
740,120,124.36,98.6
739,121,124.7,98.6
739,121,125.04,98.6
739,122,125.15,98.6
739,122,125.15,98.6
738,122,125.38,99.5
738,121,125.71,99.5
738,122,126.05,99.5
738,122,126.27,99.5
737,122,126.61,99.5
737,122,126.95,99.5
737,123,126.72,99.5
737,123,126.95,99.5
736,123,126.84,99.5
736,122,126.84,99.5
736,122,126.95,99.5
736,122,127.06,100.4
736,123,127.4,100.4
735,123,127.74,100.4
735,124,127.51,100.4
735,123,127.96,100.4
735,122,128.19,100.4
734,122,128.52,100.4
734,123,128.98,100.4
734,123,129.42,100.4
734,122,129.09,100.4
734,122,128.86,100.4
733,123,128.75,100.4
733,122,128.75,100.4
733,117,128.41,100.4
733,118,128.64,100.4
733,117,128.75,100.4
733,117,128.98,99.5
733,116,128.86,99.5
733,116,128.98,99.5
733,114,128.75,99.5
733,113,128.07,99.5
733,113,127.74,99.5
733,113,127.63,99.5
733,114,127.74,99.5
733,114,128.07,99.5
733,113,128.07,99.5
733,117,127.85,99.5
732,117,127.74,99.5
733,116,127.51,99.5
733,116,126.95,99.5
733,116,126.72,99.5
733,116,126.5,99.5
733,116,126.05,99.5
732,116,125.82,99.5
732,117,125.82,99.5
732,118,125.82,99.5
732,119,125.94,99.5
732,119,126.5,100.4
731,118,126.72,100.4
731,119,126.05,100.4
731,119,125.94,100.4
731,120,125.94,100.4
731,120,126.16,100.4
731,120,126.27,100.4
731,120,126.5,100.4
731,120,126.72,100.4
731,120,127.4,101.3
730,120,127.74,101.3
730,120,128.3,101.3
730,120,128.98,101.3
730,121,129.54,101.3
730,120,129.42,101.3
730,121,129.09,101.3
730,123,128.52,101.3
730,122,127.85,101.3
730,123,127.51,101.3
731,122,127.29,101.3
730,123,127.17,101.3
730,123,126.95,100.4
730,123,126.5,100.4
730,123,126.16,100.4
730,123,126.39,100.4
730,124,127.17,100.4
730,124,127.4,100.4
730,124,127.96,100.4
730,124,128.52,100.4
729,124,128.64,100.4
729,124,128.3,101.3
729,122,128.52,101.3
730,123,128.52,100.4
729,120,128.52,101.3
729,121,128.86,100.4
729,122,128.75,100.4
730,123,128.41,100.4
730,123,127.96,100.4
729,123,128.07,100.4
730,124,127.96,100.4
730,124,127.17,100.4
730,124,126.84,100.4
730,124,126.72,100.4
730,124,126.72,100.4
730,125,126.5,100.4
730,125,125.94,100.4
730,125,125.49,100.4
730,125,125.26,100.4
730,125,125.38,100.4
730,125,125.04,100.4
730,125,125.26,100.4
730,125,125.6,100.4
730,125,125.94,100.4
730,125,126.16,100.4
730,125,126.84,100.4
730,125,127.29,100.4
729,124,127.51,100.4
729,124,127.74,100.4
730,124,127.63,100.4
729,124,127.74,100.4
729,124,128.3,100.4
729,124,128.64,100.4
729,124,128.98,100.4
729,124,129.2,100.4
729,124,128.86,100.4
729,124,128.19,100.4
729,124,128.07,100.4
729,124,127.51,100.4
729,124,127.51,100.4
729,124,127.17,100.4
729,124,126.95,100.4
729,124,127.29,100.4
729,124,127.85,100.4
728,124,128.41,100.4
728,124,128.75,101.3
728,124,128.98,101.3
728,124,129.2,101.3
728,125,129.09,101.3
728,124,129.31,101.3
728,125,129.54,101.3
728,124,128.98,101.3
728,124,128.86,101.3
727,125,128.75,101.3
728,124,128.41,101.3
728,124,128.19,101.3
727,124,127.74,101.3
728,124,127.29,101.3
728,124,127.63,101.3
727,124,127.74,101.3
727,124,127.85,101.3
727,124,127.4,101.3
727,124,127.63,101.3
727,124,127.63,101.3
727,124,127.96,101.3
727,123,128.52,101.3
727,124,128.86,101.3
727,124,128.98,101.3
727,123,128.75,101.3
727,124,128.75,101.3
727,124,129.09,101.3
726,124,129.76,102.2
727,123,130.32,102.2
726,122,130.77,102.2
726,122,131,101.3
726,123,131,101.3
726,123,131.34,101.3
726,122,131.45,101.3
726,123,131.79,101.3
726,123,132.13,101.3
725,123,132.57,101.3
725,123,132.8,102.2
725,123,133.25,102.2
725,123,133.48,102.2
725,122,133.48,102.2
725,121,133.59,102.2
725,120,133.81,101.3
725,109,133.36,101.3
725,111,132.46,101.3
725,113,132.01,101.3
725,111,131.67,101.3
725,111,131.45,101.3
725,110,130.77,100.4
726,109,130.32,100.4
726,110,129.88,100.4
726,110,129.76,100.4
726,112,130.21,99.5
726,112,130.44,99.5
726,113,130.1,99.5
726,112,130.1,99.5
726,110,129.99,99.5
727,108,128.75,99.5
726,119,128.52,99.5
726,119,128.75,99.5
726,117,128.86,99.5
726,115,128.98,99.5
726,115,128.75,99.5
726,113,128.41,99.5
726,110,127.96,99.5
726,108,127.51,99.5
727,108,126.95,99.5
727,108,126.72,99.5
727,109,126.61,99.5
727,107,126.16,99.5
727,108,125.6,99.5
728,106,125.15,99.5
728,108,124.92,99.5
727,108,124.59,99.5
728,108,124.14,99.5
728,108,123.91,98.6
728,108,123.91,98.6
728,109,124.36,98.6
728,109,124.47,98.6
728,111,124.36,98.6
728,113,124.81,98.6
728,111,125.15,99.5
727,110,125.26,99.5
728,111,124.81,98.6
728,106,124.81,98.6
728,109,124.7,98.6
728,110,124.59,98.6
728,110,124.59,98.6
728,111,124.47,98.6
728,111,124.36,98.6
728,109,124.14,98.6
728,110,124.02,98.6
728,109,123.91,98.6
728,109,124.02,98.6
728,108,124.02,99.5
728,108,124.14,99.5
728,109,124.25,99.5
728,110,124.36,99.5
728,112,124.81,99.5
728,118,125.26,99.5
728,120,125.82,99.5
728,120,126.5,100.4
728,121,126.95,100.4
727,120,127.29,100.4
727,120,127.85,100.4
727,115,127.96,100.4
727,115,127.74,100.4
727,117,127.51,100.4
727,117,127.4,100.4
728,116,126.84,100.4
728,118,126.61,100.4
728,118,126.72,100.4
728,119,127.17,100.4
728,121,127.63,100.4
728,120,127.63,100.4
727,121,127.17,100.4
728,122,127.51,100.4
727,122,128.07,100.4
727,121,127.85,101.3
727,121,127.29,101.3
727,120,127.85,101.3
727,118,128.19,100.4
727,118,128.19,100.4
727,119,128.19,100.4
727,119,128.52,100.4
727,119,128.75,101.3
727,119,129.09,101.3
727,119,129.2,101.3
726,117,129.31,100.4
727,119,129.2,101.3
727,121,129.31,100.4
726,115,129.54,100.4
726,117,129.88,100.4
727,119,129.54,101.3
727,117,129.09,100.4
727,118,128.64,100.4
727,119,128.41,100.4
727,120,127.96,100.4
727,121,127.4,100.4
727,119,127.29,100.4
727,120,127.63,100.4
727,121,127.96,100.4
727,121,128.19,100.4
727,121,127.74,100.4
727,121,127.4,100.4
727,122,127.4,100.4
727,121,127.29,100.4
727,120,127.51,100.4
727,120,127.63,100.4
727,120,127.63,100.4
727,122,127.96,100.4
727,123,128.3,100.4
727,123,128.3,100.4
727,121,128.64,100.4
726,120,128.75,100.4
727,119,129.09,99.5
727,120,128.98,99.5
727,118,129.09,99.5
726,120,129.31,99.5
726,120,129.65,99.5
726,120,129.76,99.5
726,120,130.21,99.5
726,120,129.99,99.5
726,120,130.21,99.5
726,119,130.55,99.5
726,119,130.32,99.5
726,119,130.32,99.5
726,118,130.32,99.5
726,119,130.66,99.5
726,119,130.89,99.5
726,119,130.55,99.5
726,120,130.66,99.5
726,120,131,99.5
726,120,131.34,99.5
726,120,131.56,99.5
725,120,131.34,99.5
726,120,130.89,99.5
726,120,131.11,99.5
725,120,131.23,99.5
725,120,131.45,99.5
725,120,131.79,99.5
725,121,131.79,99.5
725,121,132.24,99.5
725,121,131.79,99.5
725,121,131.9,99.5
725,121,132.13,99.5
725,120,132.01,99.5
725,120,131.67,99.5
725,120,132.01,99.5
725,121,132.35,99.5
725,121,132.01,100.4
725,122,132.35,100.4
725,122,132.57,100.4
724,123,132.8,100.4
724,122,133.14,100.4
724,122,133.48,100.4
724,122,133.36,100.4
724,122,133.14,100.4
724,122,132.91,100.4
724,122,133.36,101.3
724,122,133.7,101.3
723,122,133.7,101.3
723,123,134.04,101.3
723,123,134.38,102.2
723,122,134.49,102.2
722,122,134.26,102.2
722,122,133.92,102.2
722,122,134.04,102.2
722,122,133.25,102.2
722,122,132.69,102.2
722,122,132.46,102.2
722,122,132.01,103.1
722,122,131.67,102.2
722,122,131.56,103.1
722,123,131.45,103.1
722,123,131.56,103.1
722,123,131.67,103.1
721,123,131.9,103.1
721,123,132.01,103.1
721,123,132.24,103.1
721,123,131.67,103.1
721,123,131.9,103.1
721,123,132.35,103.1
721,123,132.69,103.1
721,123,132.57,103.1
721,123,132.46,103.1
721,123,132.46,103.1
721,123,132.57,103.1
721,123,133.25,103.1
721,123,132.8,103.1
721,124,132.69,103.1
721,124,132.57,103.1
721,124,132.01,103.1
721,124,131.45,103.1
721,124,131,103.1
721,124,131.34,103.1
721,124,131.23,103.1
720,124,131.23,103.1
720,124,131,103.1
720,124,131.11,103.1
720,124,130.77,103.1
720,125,130.77,103.1
720,124,130.44,103.1
720,124,130.66,103.1
720,124,130.77,103.1
720,124,130.44,103.1
720,124,130.1,103.1
720,124,129.99,103.1
720,125,130.1,103.1
720,125,130.21,103.1
720,125,130.77,104
720,125,131.11,104
720,124,131,104
720,124,131,104
720,124,130.89,104
720,123,130.89,103.1
720,123,131.23,103.1
720,122,131.45,103.1
720,123,130.89,103.1
720,122,130.55,103.1
720,123,130.44,102.2
720,123,129.65,102.2
721,123,129.42,102.2
720,122,129.42,102.2
721,124,129.31,102.2
721,124,128.86,102.2
721,123,128.52,101.3
721,122,127.85,101.3
721,121,127.63,101.3
721,121,127.51,101.3
721,122,127.74,101.3
721,122,127.63,100.4
721,122,128.07,100.4
721,124,128.07,100.4
721,124,128.3,100.4
721,124,128.52,101.3
722,124,128.07,101.3
722,124,127.4,101.3
722,122,127.29,101.3
722,123,127.17,101.3
722,124,126.95,101.3
722,124,127.63,101.3
722,124,127.96,101.3
722,125,128.41,101.3
722,124,128.64,101.3
722,124,128.41,101.3
721,124,128.52,101.3
721,125,128.86,101.3
721,125,129.2,102.2
721,125,129.31,102.2
721,125,129.88,102.2
721,125,129.88,102.2
720,125,129.76,102.2
720,124,129.65,102.2
720,124,129.2,102.2
720,124,129.2,102.2
721,124,128.75,101.3
720,124,128.3,101.3
720,124,127.96,101.3
720,124,127.74,101.3
720,123,127.74,101.3
720,123,127.74,102.2
720,123,127.63,102.2
720,123,127.96,102.2
720,123,127.96,102.2
720,124,127.96,102.2
720,124,127.85,102.2
720,124,127.96,102.2
720,124,128.41,102.2
720,124,128.98,102.2
720,124,129.54,103.1
720,123,129.54,103.1
720,123,129.54,103.1
720,123,129.2,103.1
720,123,129.42,103.1
720,123,129.54,103.1
720,123,129.54,103.1
719,123,129.54,103.1
719,123,129.31,103.1
719,122,129.09,103.1
719,123,128.86,103.1
719,123,128.98,103.1
719,122,129.09,103.1
719,122,129.42,103.1
719,122,129.31,103.1
719,123,129.09,103.1
719,123,129.31,103.1
719,122,129.54,103.1
719,122,129.54,104
719,121,129.54,104
719,123,129.76,104
719,117,129.99,104
719,118,130.1,104
719,118,130.32,104.9
718,118,130.44,104.9
718,118,130.44,104.9
718,118,130.32,104.9
718,118,130.77,104.9
718,118,130.44,104.9
718,118,130.66,104.9
718,118,130.66,104.9
718,118,130.77,104.9
718,118,131.11,104.9
718,118,130.89,104.9
718,118,130.44,104.9
718,118,130.21,104.9
718,118,130.21,104.9
718,118,130.1,104.9
718,118,130.21,104.9
717,118,130.21,104.9
718,118,129.88,104.9
717,119,129.88,104.9
717,118,129.76,104.9
718,118,130.44,104.9
718,118,130.32,104
718,118,130.44,104
718,118,130.55,104
718,117,130.89,104
718,117,131.11,104
718,117,130.55,103.1
718,118,129.76,103.1
718,119,129.54,102.2
718,118,128.86,102.2
719,117,128.52,102.2
719,117,128.3,102.2
719,117,128.19,102.2
719,118,127.85,102.2
719,118,127.74,102.2
719,118,127.29,101.3
719,118,126.84,101.3
719,118,126.39,101.3
719,118,125.94,101.3
719,119,125.94,101.3
719,118,125.82,101.3
719,118,125.71,101.3
719,118,125.6,101.3
720,119,125.15,101.3
720,117,124.81,101.3
720,117,124.81,101.3
720,116,125.04,101.3
720,116,125.04,101.3
720,116,125.04,101.3
720,116,125.04,101.3
720,116,124.7,101.3
720,116,124.7,101.3
720,116,124.7,101.3
720,116,124.7,101.3
720,116,124.81,101.3
720,117,124.81,102.2
720,117,124.81,102.2
720,116,125.15,102.2
720,116,125.38,102.2
720,116,125.04,102.2
720,118,124.81,102.2
720,119,125.04,102.2
720,119,125.26,102.2
720,118,125.49,101.3
720,118,126.16,101.3
720,118,126.95,102.2
720,119,127.63,102.2
246,119,127.85,102.2
720,119,128.19,102.2
720,118,128.64,102.2
720,118,128.19,102.2
720,118,127.96,102.2
720,118,127.74,102.2
720,119,127.63,102.2
720,119,128.07,102.2
242,119,128.52,102.2
720,119,128.52,102.2
721,118,128.98,103.1
720,119,129.76,103.1
720,119,129.65,102.2
720,119,129.31,102.2
720,119,128.98,102.2
720,119,128.86,102.2
720,119,128.75,103.1
720,119,128.64,103.1
720,119,128.52,103.1
720,119,128.19,103.1
720,119,128.3,103.1
720,119,128.64,103.1
720,119,128.75,103.1
720,119,128.98,103.1
720,119,128.98,103.1
720,119,128.86,103.1
720,119,128.75,103.1
720,119,128.86,103.1
720,119,129.2,104
720,119,129.54,104
720,119,129.65,104
720,119,129.31,104
720,119,128.75,104
720,119,128.86,104
720,119,129.31,104
720,119,129.42,104
720,119,129.42,104
720,119,129.76,104
720,119,129.99,104
720,119,130.21,104
719,119,130.1,104
719,119,129.99,104
719,119,130.21,104
719,119,130.66,104
719,119,131.11,104
719,119,131.34,104
719,118,131.34,104
719,115,130.77,104
719,117,130.77,104
720,118,129.99,103.1
720,118,129.42,103.1
720,118,129.2,103.1
720,117,129.09,103.1
720,114,129.2,103.1
720,116,129.88,103.1
720,115,129.88,103.1
719,115,129.42,103.1
720,116,129.2,103.1
720,116,129.09,103.1
720,117,128.52,103.1
720,118,128.3,103.1
720,118,128.3,102.2
720,117,128.3,102.2
720,113,128.3,102.2
720,113,128.98,102.2
719,114,129.42,102.2
720,114,129.99,102.2
719,115,130.21,102.2
719,116,130.55,102.2
719,116,130.77,102.2
719,116,130.66,102.2
719,117,130.44,102.2
719,117,130.21,102.2
719,115,130.1,102.2
719,114,129.99,102.2
719,116,130.32,102.2
719,116,129.99,102.2
719,116,130.21,102.2
719,116,130.66,102.2
719,116,131.11,102.2
719,116,131.67,103.1
719,117,131.67,103.1
719,116,131.34,103.1
719,116,131.23,103.1
719,116,131.56,103.1
719,116,131.9,103.1
718,116,132.24,103.1
718,116,132.8,103.1
718,116,132.91,103.1
718,116,133.14,103.1
718,116,133.14,103.1
718,116,133.25,103.1
718,116,133.7,104
718,116,133.59,104
718,116,133.02,103.1
718,116,132.8,103.1
717,115,132.8,103.1
717,105,132.24,103.1
717,107,132.24,103.1
717,108,132.35,103.1
718,109,132.57,103.1
717,109,133.14,103.1
717,108,132.69,103.1
717,108,132.46,103.1
718,109,132.13,103.1
718,109,131.34,103.1
718,110,131.23,103.1
718,111,131.34,103.1
718,114,131.79,102.2
718,115,132.46,103.1
718,115,132.8,103.1
717,115,132.8,103.1
718,115,132.57,103.1
717,115,132.46,103.1
717,115,132.57,103.1
717,115,132.24,103.1
717,115,132.13,103.1
717,115,131.9,103.1
717,115,132.01,103.1
717,115,132.13,104
717,115,132.01,104
717,112,131.9,104
717,110,131.34,103.1
717,104,130.55,103.1
717,101,130.44,102.2
717,101,129.76,102.2
718,104,129.31,102.2
718,104,128.86,102.2
718,104,128.52,102.2
718,101,128.19,102.2
718,101,127.74,102.2
718,101,127.4,101.3
719,101,127.06,101.3
719,103,127.17,101.3
719,104,127.06,101.3
719,103,126.95,101.3
719,102,126.61,101.3
719,101,126.27,101.3
719,102,126.27,101.3
719,103,126.05,101.3
719,104,125.82,101.3
719,104,126.05,101.3
719,104,125.94,101.3
719,104,125.71,101.3
719,104,125.38,101.3
719,104,125.49,101.3
719,104,125.6,101.3
719,104,125.38,101.3
719,104,125.15,101.3
719,104,125.26,101.3
720,107,125.38,101.3
720,112,125.94,102.2
720,112,126.16,102.2
719,113,126.39,102.2
720,113,126.39,102.2
720,113,126.5,102.2
720,114,126.61,102.2
720,114,126.5,102.2
720,114,126.61,102.2
719,114,126.5,102.2
719,115,126.72,102.2
719,115,126.72,102.2
719,118,126.84,102.2
719,114,127.06,102.2
719,114,127.51,102.2
719,114,127.4,102.2
719,115,126.84,102.2
719,115,126.84,102.2
718,115,126.84,102.2
718,115,127.17,102.2
718,115,127.51,102.2
718,114,127.96,102.2
717,115,128.3,102.2
717,114,128.64,103.1
717,114,129.09,103.1
717,115,129.76,103.1
717,115,130.1,103.1
716,115,130.66,103.1
716,115,131.23,103.1
715,114,131.45,103.1
716,115,131.56,103.1
716,115,131.67,103.1
715,115,132.13,103.1
715,114,132.35,103.1
715,115,132.35,103.1
715,114,132.35,103.1
715,114,132.8,103.1
714,114,133.14,103.1
714,114,133.25,104
714,114,133.59,104
714,114,133.92,104
713,114,133.81,104
713,114,134.04,104
713,114,133.92,104
713,114,133.7,104
713,114,133.7,104.9
713,114,133.81,104.9
713,114,134.04,104.9
712,114,134.38,104.9
712,114,134.49,104.9
712,114,134.49,104.9
712,114,134.26,104.9
712,114,134.15,104.9
712,114,134.26,104.9
711,114,133.92,104.9
711,114,133.48,104.9
711,114,133.25,104.9
711,114,133.02,104.9
711,114,132.69,104.9
711,113,132.35,104.9
710,113,131.9,104.9
710,113,131.67,105.8
711,113,131.9,104.9
710,113,132.13,104.9
710,112,132.01,104.9
710,112,131.56,104.9
710,112,131.34,104.9
710,112,131.11,104.9
710,112,131.34,104.9
710,111,131.79,104.9
710,112,131.79,104.9
710,112,132.01,104.9
710,112,132.46,104
710,112,132.57,104
710,113,132.8,104
710,113,133.14,104.9
710,112,133.02,104.9
709,113,132.8,104.9
709,113,132.57,104.9
709,113,132.69,104
709,113,132.91,104
709,113,133.02,104
709,113,133.02,104
709,113,133.25,104.9
709,113,133.14,104
709,112,133.59,104.9
709,112,133.92,104.9
709,112,134.38,104.9
709,112,134.6,104.9
709,112,134.82,104.9
709,111,134.49,104.9
709,112,134.49,104.9
708,112,134.71,104.9
708,112,134.82,104.9
708,112,134.49,105.8
708,112,134.26,105.8
708,112,134.26,105.8
708,112,133.92,105.8
708,112,133.81,105.8
708,112,133.7,105.8
708,112,133.59,105.8
708,112,133.81,105.8
708,112,133.81,105.8
708,112,133.14,105.8
708,112,133.02,105.8
708,112,133.02,105.8
708,112,133.14,105.8
709,112,132.69,104.9
708,112,132.24,104.9
708,113,132.35,105.8
708,112,132.69,105.8
708,113,132.91,105.8
708,113,133.36,105.8
708,113,133.7,105.8
708,113,133.48,105.8
708,113,132.8,106.7
708,113,132.13,106.7
708,113,131.67,106.7
708,113,131.56,106.7
708,113,131.67,106.7
708,113,131.79,106.7
708,113,132.13,106.7
708,113,132.35,106.7
708,113,132.24,106.7
708,113,131.79,106.7
708,113,131.23,106.7
708,113,131,106.7
708,113,131.23,106.7
708,113,131.45,106.7
708,113,131.9,106.7
708,113,132.35,106.7
708,113,132.57,106.7
708,113,132.46,106.7
709,113,132.46,106.7
709,113,132.69,106.7
709,113,133.14,106.7
709,112,133.48,107.6
706,109,133.59,107.6
693,101,133.36,107.6
680,95,133.02,107.6
659,88,132.69,106.7
636,79,132.24,106.7
633,78,131.45,105.8
648,83,130.66,105.8
659,88,129.88,105.8
671,91,129.09,104.9
671,88,128.3,104.9
650,77,127.85,104.9
579,63,127.63,104
493,53,127.29,104
429,48,126.72,104
374,44,125.94,104
336,41,125.15,104
322,40,124.59,104
312,39,124.36,104
309,39,124.36,103.1
309,39,124.25,103.1
319,39,124.36,103.1
330,40,124.47,103.1
326,39,124.25,103.1
320,39,123.91,103.1
320,39,123.24,102.2
327,40,122.67,102.2
345,41,122.22,102.2
368,43,121.77,102.2
404,45,121.32,102.2
500,53,120.99,102.2
594,63,120.31,102.2
641,72,120.09,101.3
663,79,120.09,101.3
686,89,119.97,101.3
697,94,119.97,101.3
705,96,120.09,101.3
708,92,120.76,101.3
714,97,121.21,101.3
718,101,121.89,101.3
719,103,122.11,101.3
720,105,122.45,101.3
721,107,122.11,100.4
721,106,121.66,100.4
721,108,121.77,100.4
720,105,121.89,100.4
720,106,122.45,100.4
720,107,122.67,101.3
720,108,122.79,101.3
720,109,122.34,101.3
720,109,122.45,101.3
720,108,122.56,101.3
720,108,123.01,101.3
720,108,123.35,101.3
720,108,123.24,101.3
719,108,123.13,101.3
719,108,123.57,101.3
719,108,123.8,101.3
719,108,123.91,101.3
720,108,124.02,101.3
719,108,124.47,101.3
719,107,124.92,101.3
719,107,125.26,101.3
719,107,124.92,101.3
719,107,124.25,101.3
719,107,124.25,101.3
718,118,124.25,101.3
718,118,124.14,101.3
718,118,124.59,101.3
718,119,124.36,101.3
718,119,124.14,101.3
718,119,124.25,101.3
718,118,124.25,101.3
718,118,124.36,101.3
718,119,124.81,101.3
718,118,124.7,101.3
718,118,124.36,101.3
717,117,124.7,101.3
717,117,124.92,101.3
717,118,124.92,101.3
717,119,124.81,101.3
717,118,124.7,101.3
717,118,124.25,101.3
717,119,123.91,101.3
717,119,123.57,100.4
717,118,123.35,100.4
718,119,123.13,100.4
718,118,123.13,99.5
718,118,122.56,99.5
718,118,122.22,99.5
718,118,122.11,99.5
718,118,122.34,99.5
718,118,122.22,99.5
717,118,122.11,99.5
717,118,122,99.5
718,118,122,99.5
717,118,122.34,99.5
718,118,122.22,99.5
718,118,122,98.6
718,117,121.55,98.6
718,118,121.77,98.6
718,118,122.45,99.5
717,118,123.01,99.5
717,119,123.46,99.5
717,118,123.46,99.5
717,118,123.8,99.5
717,119,123.8,99.5
717,118,124.25,99.5
717,118,124.92,99.5
717,118,124.59,99.5
717,118,124.36,100.4
717,119,124.59,100.4
717,118,124.59,100.4
717,119,124.59,100.4
717,118,124.47,100.4
717,118,124.02,100.4
717,118,124.14,100.4
717,118,124.7,100.4
717,119,125.15,100.4
717,119,125.6,100.4
717,119,126.27,100.4
716,118,126.84,100.4
716,118,127.06,101.3
716,118,127.17,101.3
716,118,127.17,101.3
716,117,127.29,101.3
716,117,127.4,101.3
715,118,127.74,101.3
715,118,127.85,101.3
715,118,127.96,101.3
715,118,128.3,101.3
715,118,128.75,101.3
715,118,129.09,101.3
715,117,129.42,101.3
715,117,129.88,101.3
715,118,129.99,101.3
715,118,129.99,101.3
714,118,129.88,101.3
714,118,129.76,101.3
714,118,129.31,102.2
714,118,129.31,101.3
714,117,128.64,101.3
714,117,128.07,101.3
714,117,127.74,101.3
714,117,127.51,101.3
714,117,127.17,101.3
714,118,127.29,101.3
714,117,127.06,101.3
714,117,127.06,101.3
714,118,126.84,101.3
714,117,127.29,101.3
714,117,126.95,101.3
714,117,126.72,101.3
714,117,126.95,101.3
714,117,127.63,101.3
714,117,127.63,101.3
714,117,127.51,101.3
714,116,127.96,101.3
714,116,128.52,101.3
714,117,128.86,101.3
713,117,128.86,101.3
714,116,128.52,101.3
714,117,128.07,101.3
714,117,127.96,101.3
714,117,127.85,101.3
713,117,127.29,101.3
714,117,126.84,101.3
714,117,126.16,100.4
714,117,125.94,100.4
714,116,125.94,100.4
714,117,126.16,100.4
714,117,125.82,100.4
714,117,125.49,100.4
714,117,125.04,100.4
714,117,124.47,100.4
714,117,124.36,99.5
714,116,124.14,99.5
714,116,124.14,99.5
714,116,124.59,99.5
714,116,124.92,99.5
714,116,125.04,100.4
714,116,124.81,100.4
714,116,124.36,100.4
714,116,124.47,100.4
714,116,124.02,100.4
714,116,124.02,100.4
714,116,124.36,100.4
713,116,124.47,99.5
713,116,124.7,99.5
713,116,124.7,100.4
713,116,124.7,100.4
713,115,124.36,100.4
713,116,124.7,100.4
713,116,125.04,100.4
713,115,125.15,100.4
713,115,125.49,100.4
713,115,125.71,100.4
713,115,125.71,100.4
712,115,126.39,101.3
712,115,126.95,101.3
712,115,127.17,101.3
712,115,127.74,101.3
712,115,128.3,100.4
712,115,128.41,100.4
712,114,128.75,100.4
712,114,128.75,100.4
712,114,128.52,100.4
712,114,128.3,100.4
712,114,128.41,100.4
711,114,128.3,100.4
711,114,128.3,100.4
711,114,128.3,100.4
711,114,128.41,100.4
711,113,128.19,100.4
711,113,127.63,100.4
712,113,126.95,100.4
712,113,126.72,100.4
712,113,126.95,100.4
711,113,127.29,100.4
711,114,127.51,100.4
711,113,127.74,100.4
711,114,127.4,100.4
711,114,127.17,100.4
711,113,127.06,100.4
711,113,126.95,100.4
711,113,126.39,100.4
711,113,126.39,100.4
711,113,126.61,100.4
711,113,126.95,100.4
711,113,127.29,100.4
711,113,127.4,100.4
711,113,126.95,100.4
711,113,126.61,100.4
711,112,126.84,100.4
711,111,127.06,101.3
710,111,126.95,101.3
711,112,126.5,101.3
711,112,126.39,101.3
711,111,126.95,101.3
711,111,127.4,101.3
711,111,127.85,101.3
710,111,128.41,101.3
710,111,128.52,101.3
710,112,128.86,101.3
710,112,129.31,101.3
710,112,129.42,101.3
710,113,129.54,101.3
710,113,129.76,101.3
710,113,129.88,101.3
710,113,129.31,101.3
710,113,128.98,101.3
710,113,129.2,101.3
710,113,129.09,101.3
710,113,129.09,101.3
710,113,128.86,101.3
710,113,128.19,101.3
710,113,128.07,101.3
710,113,128.07,101.3
710,113,127.63,101.3
710,113,127.29,101.3
710,113,127.17,101.3
710,112,127.17,101.3
710,110,127.29,101.3
710,111,127.63,101.3
710,113,127.17,101.3
710,112,126.5,101.3
711,113,125.6,100.4
711,113,125.04,100.4
711,112,124.47,100.4
711,112,124.7,100.4
711,110,124.59,100.4
711,109,124.7,100.4
711,111,124.81,100.4
711,112,124.7,100.4
711,112,124.7,100.4
711,112,125.04,100.4
711,112,125.26,100.4
711,112,124.92,100.4
711,112,124.81,100.4
711,111,124.59,100.4
711,111,124.81,100.4
711,111,125.04,100.4
710,111,124.92,100.4
710,112,125.15,100.4
710,112,125.38,100.4
710,112,125.15,100.4
710,112,125.04,100.4
710,111,125.26,100.4
710,111,125.71,101.3
710,111,125.94,101.3
710,111,125.38,101.3
709,111,124.92,101.3
709,111,124.81,100.4
709,111,124.59,100.4
710,111,124.59,100.4
709,111,124.47,101.3
709,111,124.92,100.4
709,109,125.38,101.3
708,109,125.6,101.3
708,109,125.94,101.3
708,110,125.82,101.3
708,111,125.82,101.3
708,110,125.49,101.3
708,110,124.92,101.3
708,109,124.81,101.3
708,110,124.92,101.3
708,110,124.92,101.3
708,110,124.81,101.3
708,110,124.92,101.3
708,110,125.15,101.3
708,110,125.15,101.3
707,109,124.81,101.3
707,109,124.7,101.3
707,109,124.92,101.3
707,109,125.26,101.3
707,110,125.49,101.3
707,109,125.6,101.3
707,109,125.94,101.3
707,109,125.94,101.3
707,109,125.94,101.3
707,109,126.05,101.3
706,108,126.05,101.3
706,108,126.27,101.3
706,108,125.94,101.3
706,108,125.6,101.3
705,108,125.71,101.3
705,108,125.49,101.3
705,108,125.6,101.3
704,107,125.82,101.3
704,107,125.49,101.3
704,108,125.26,101.3
705,108,125.38,101.3
704,108,125.38,101.3
705,108,124.92,101.3
705,108,125.04,101.3
705,108,125.04,101.3
705,108,124.92,101.3
704,108,125.15,101.3
704,108,125.26,101.3
704,108,125.15,101.3
704,107,124.7,101.3
704,108,124.7,101.3
704,107,124.92,101.3
704,107,125.26,101.3
704,107,125.04,101.3
704,107,125.04,101.3
704,107,125.15,101.3
704,107,124.81,101.3
704,107,125.15,101.3
704,107,124.92,100.4
704,107,124.92,100.4
704,107,125.04,100.4
703,107,125.04,100.4
703,107,125.04,100.4
703,107,124.81,100.4
703,107,124.81,100.4
704,107,124.59,100.4
703,106,124.59,100.4
703,107,124.59,101.3
703,107,124.81,101.3
703,106,124.81,101.3
703,106,124.81,101.3
703,105,124.7,101.3
703,105,124.81,101.3
703,104,124.47,101.3
703,104,124.14,101.3
703,105,123.91,101.3
703,105,123.91,101.3
703,105,123.57,100.4
703,105,123.46,100.4
703,104,123.69,100.4
703,104,123.91,100.4
703,104,123.91,100.4
703,105,123.8,101.3
703,104,123.8,101.3
703,104,123.57,101.3
702,104,123.46,100.4
703,104,123.24,100.4
703,104,123.35,100.4
703,104,123.13,100.4
702,104,122.9,100.4
703,104,122.56,100.4
703,103,122.34,100.4
702,103,122.22,100.4
703,104,121.89,99.5
703,104,122.11,99.5
703,104,122.11,99.5
703,103,121.77,99.5
703,104,121.32,99.5
703,103,121.1,99.5
703,103,121.1,99.5
703,103,120.65,98.6
703,103,120.54,98.6
703,103,120.65,98.6
703,103,120.65,98.6
703,103,120.76,99.5
703,104,121.44,99.5
703,103,121.66,99.5
703,103,121.55,99.5
703,103,121.66,99.5
703,103,122,99.5
703,103,122.45,100.4
703,103,122.11,100.4
703,103,122,100.4
703,103,121.89,100.4
703,104,121.77,100.4
704,103,121.55,99.5
704,104,121.32,99.5
705,104,121.21,99.5
704,103,121.32,99.5
705,104,121.66,99.5
705,104,121.89,99.5
706,104,122,99.5
706,104,121.66,99.5
707,105,122,99.5
707,105,122.34,99.5
708,105,123.01,100.4
708,105,123.57,100.4
708,106,124.14,100.4
709,106,124.7,100.4
707,105,125.04,100.4
690,96,125.04,100.4
688,95,124.7,100.4
680,92,123.91,100.4
688,94,123.35,100.4
692,95,122.67,100.4
652,82,122.22,100.4
549,60,122,100.4
465,49,122.11,100.4
501,52,122,100.4
556,59,122,100.4
628,73,122,99.5
684,91,122.45,100.4
696,97,123.01,100.4
689,94,123.24,100.4
690,95,123.69,100.4
696,97,123.91,100.4
703,101,124.02,100.4
706,103,124.02,100.4
705,103,124.02,100.4
705,103,123.57,101.3
705,102,123.91,101.3
704,102,124.25,100.4
704,102,124.47,101.3
704,102,125.04,101.3
704,102,125.38,101.3
704,102,125.6,101.3
703,102,125.94,101.3
703,101,126.16,101.3
702,100,125.82,102.2
702,100,125.38,102.2
702,101,125.15,102.2
702,101,124.81,102.2
701,101,124.7,101.3
701,101,124.36,101.3
702,101,124.92,101.3
702,100,125.38,101.3
702,101,125.82,101.3
702,100,126.27,101.3
702,101,126.72,101.3
701,100,126.95,101.3
701,100,126.61,101.3
700,100,126.16,101.3
700,100,125.49,101.3
700,100,125.38,101.3
700,99,125.6,101.3
700,99,125.49,101.3
700,99,125.38,101.3
700,99,125.49,101.3
700,99,125.94,102.2
700,99,126.39,102.2
700,99,126.39,102.2
700,99,126.27,102.2
699,99,126.5,101.3
699,99,126.72,102.2
699,99,127.06,101.3
699,99,127.51,102.2
699,99,127.63,102.2
698,99,127.51,102.2
699,99,126.95,102.2
698,99,126.61,102.2
699,99,126.61,101.3
699,99,126.5,101.3
699,99,126.72,101.3
699,99,126.95,101.3
698,99,127.17,101.3
698,98,127.29,101.3
698,98,127.17,101.3
698,98,127.06,101.3
698,98,126.84,101.3
698,98,126.05,101.3
698,98,126.27,101.3
699,98,126.05,101.3
699,98,126.27,101.3
698,98,126.61,101.3
699,98,126.95,101.3
698,99,127.29,101.3
698,98,127.4,101.3
698,98,127.74,101.3
698,98,127.74,101.3
698,98,127.63,101.3
698,98,127.29,101.3
698,98,127.4,101.3
698,98,127.51,101.3
698,98,127.51,101.3
698,98,127.51,101.3
698,98,127.74,101.3
698,98,127.96,101.3
698,99,127.85,101.3
698,99,127.4,101.3
698,99,127.4,101.3
698,99,127.17,101.3
698,99,127.17,101.3
698,98,126.95,101.3
698,99,126.61,100.4
698,99,126.16,100.4
698,98,125.82,100.4
698,98,125.71,100.4
698,98,125.71,100.4
698,98,125.49,100.4
698,98,124.92,100.4
698,99,124.36,100.4
698,100,124.36,100.4
698,99,124.14,100.4
698,99,123.91,100.4
698,99,123.57,100.4
698,99,123.35,100.4
698,99,123.13,100.4
698,99,123.24,100.4
698,99,123.24,100.4
698,99,123.24,100.4
698,99,123.13,100.4
698,99,123.13,100.4
698,99,122.9,100.4
698,99,122.79,100.4
698,99,123.24,100.4
698,99,123.46,100.4
697,99,123.35,100.4
698,99,123.35,99.5
698,98,123.24,99.5
698,98,123.13,99.5
698,98,123.24,99.5
698,98,123.35,99.5
698,97,123.13,99.5
697,95,123.57,99.5
698,97,123.57,99.5
698,97,123.8,99.5
698,97,124.25,99.5
697,97,124.81,99.5
697,97,125.26,99.5
697,97,125.6,99.5
697,97,125.82,99.5
697,97,125.71,99.5
697,97,125.49,99.5
697,97,125.6,99.5
697,96,125.82,99.5
697,96,125.82,99.5
697,96,125.82,99.5
697,96,126.16,99.5
696,96,126.5,99.5
696,96,126.61,99.5
696,96,126.84,99.5
696,96,126.84,99.5
696,96,127.06,99.5
696,96,127.29,99.5
696,96,127.4,99.5
696,96,127.74,99.5
695,96,127.85,99.5
695,96,127.51,99.5
696,96,127.06,99.5
695,95,126.61,99.5
695,95,126.84,99.5
695,95,127.06,99.5
695,95,127.29,99.5
695,95,127.63,99.5
695,95,127.51,99.5
695,95,127.63,99.5
695,95,127.74,100.4
695,95,127.96,100.4
694,95,127.74,100.4
695,95,127.29,100.4
695,95,126.72,99.5
695,95,126.5,100.4
695,95,126.39,99.5
695,95,126.39,99.5
695,95,126.27,99.5
695,95,126.05,99.5
695,95,126.27,99.5
695,95,126.61,99.5
695,95,126.72,99.5
695,95,126.5,100.4
695,95,126.39,100.4
695,95,126.05,100.4
695,95,126.05,100.4
695,95,126.05,100.4
695,95,125.82,100.4
695,95,125.49,100.4
695,95,125.71,100.4
695,95,125.38,99.5
695,95,125.6,100.4
695,95,125.82,100.4
694,95,126.05,99.5
695,95,126.27,99.5
694,95,125.82,99.5
695,95,125.26,99.5
694,95,124.59,99.5
695,95,123.8,98.6
695,95,123.57,98.6
695,95,123.13,98.6
695,95,123.13,98.6
694,95,123.01,98.6
695,95,122.56,98.6
695,95,122.45,98.6
695,95,122.11,98.6
694,95,121.77,98.6
695,95,121.66,98.6
694,94,121.55,98.6
694,94,121.32,98.6
694,94,121.21,98.6
694,94,121.44,98.6
694,94,121.21,98.6
694,94,121.55,98.6
694,94,121.44,98.6
694,94,121.32,98.6
693,94,121.32,99.5
693,94,121.55,99.5
693,94,121.77,99.5
693,94,121.89,99.5
693,94,122.11,99.5
693,94,122.34,99.5
693,94,122.79,99.5
692,94,123.01,99.5
692,93,123.46,99.5
692,93,123.57,100.4
692,93,123.69,100.4
692,93,124.36,100.4
692,93,124.7,100.4
691,93,125.15,100.4
692,93,125.38,100.4
692,93,125.15,100.4
692,93,125.04,100.4
692,93,125.04,100.4
691,93,125.15,101.3
691,93,125.49,101.3
691,93,125.6,101.3
691,92,125.49,101.3
691,93,125.71,101.3
691,93,125.82,101.3
690,93,125.38,101.3
691,93,124.92,101.3
691,93,124.81,101.3
691,93,124.7,101.3
691,93,124.47,101.3
691,93,124.25,101.3
690,93,124.14,101.3
691,93,123.8,101.3
691,93,123.69,101.3
690,93,123.46,101.3
692,93,123.69,101.3
691,93,124.02,101.3
691,94,124.36,101.3
692,93,124.81,101.3
691,93,125.15,102.2
691,93,125.49,102.2
690,93,125.82,102.2
677,85,126.05,102.2
683,90,126.05,102.2
688,93,125.94,102.2
682,90,125.6,102.2
686,92,125.26,102.2
666,81,125.04,102.2
551,56,124.59,102.2
421,45,124.36,102.2
428,46,123.8,102.2
401,42,123.24,102.2
356,38,123.13,102.2
414,43,122.9,102.2
507,52,123.01,102.2
568,60,122.9,102.2
537,56,122.9,102.2
452,47,122.56,102.2
403,42,122,102.2
310,35,121.77,102.2
277,32,121.55,102.2
269,31,121.44,102.2
265,31,121.55,102.2
262,30,121.77,102.2
258,30,121.77,102.2
255,30,121.66,102.2
253,30,121.44,102.2
250,29,121.21,102.2
248,29,120.76,102.2
246,29,120.31,102.2
244,29,119.75,102.2
243,29,119.41,101.3
242,28,119.41,101.3
241,28,119.19,101.3
240,28,119.19,101.3
240,28,118.96,101.3
239,28,118.74,101.3
238,28,118.29,101.3
237,28,117.95,101.3
236,28,117.72,101.3
235,28,117.39,101.3
235,28,117.16,100.4
234,28,116.94,101.3
233,28,116.82,101.3
233,28,116.82,101.3
232,28,116.6,101.3
232,28,116.38,100.4
232,27,116.26,100.4
231,27,116.15,100.4
231,27,115.92,100.4
231,27,115.25,100.4
231,27,115.25,99.5
231,27,115.03,99.5
230,27,114.46,99.5
231,27,113.79,99.5
230,27,113.34,98.6
230,27,113.56,98.6
230,27,113.56,98.6
229,27,113.45,98.6
229,27,113.45,98.6
229,27,113.34,98.6
229,27,113.34,98.6
228,27,113.22,98.6
228,27,113,98.6
228,27,112.78,98.6
228,27,112.89,98.6
228,27,112.89,98.6
228,27,113,98.6
228,27,112.89,98.6
228,27,112.89,98.6
228,27,113,97.7
228,27,112.78,97.7
229,27,113,97.7
229,27,112.89,97.7
230,27,113,97.7
232,27,112.55,97.7
233,28,112.55,97.7
234,28,112.66,97.7
236,28,112.55,97.7
238,28,112.44,97.7
240,28,112.1,97.7
242,29,111.88,97.7
244,29,111.76,97.7
247,29,111.76,97.7
250,29,111.88,97.7
252,29,111.88,96.8
255,30,111.88,96.8
257,30,111.76,96.8
260,30,111.76,96.8
264,30,111.76,96.8
267,31,111.88,96.8
270,31,111.88,96.8
273,31,111.99,96.8
277,32,111.99,96.8
283,32,111.88,96.8
296,33,111.76,96.8
335,37,111.65,96.8
366,40,111.76,96.8
361,39,111.99,96.8
348,38,111.99,96.8
362,39,112.1,96.8
394,41,112.1,96.8
456,47,112.21,96.8
590,62,112.44,96.8
659,72,112.66,96.8
669,75,112.78,96.8
683,81,112.89,97.7
700,87,112.89,97.7
704,89,113,97.7
705,90,113.22,97.7
706,91,113.45,97.7
705,90,113.45,97.7
705,90,113.45,97.7
704,90,113.56,97.7
704,91,113.56,97.7
703,90,113.56,97.7
703,90,113.79,97.7
703,90,113.9,97.7
702,90,114.13,97.7
702,90,114.35,97.7
702,90,114.46,97.7
701,90,114.46,97.7
687,83,114.8,97.7
656,74,115.03,97.7
615,65,115.14,97.7
560,58,115.03,97.7
540,56,114.57,96.8
555,59,114.24,96.8
586,65,114.13,96.8
625,72,113.9,96.8
660,78,114.01,96.8
670,80,114.24,97.7
670,79,114.35,97.7
672,79,114.69,97.7
679,81,115.14,97.7
669,79,115.47,97.7
656,76,115.59,97.7
639,73,115.25,97.7
611,68,115.03,97.7
531,57,114.91,96.8
451,48,114.8,96.8
459,46,114.69,95.9
479,48,114.46,95.9
495,51,114.13,95.9
565,59,114.01,95.9
610,66,113.9,95.9
604,65,114.13,95.9
584,62,114.13,95.9
381,42,114.13,95.9
251,30,114.01,95
247,30,113.9,95
248,29,113.45,95
249,30,112.89,95
251,30,112.32,95
263,31,112.21,95
276,32,112.32,95
346,39,112.32,94.1
392,43,112.44,94.1
406,44,111.99,94.1
427,45,111.65,94.1
445,47,110.97,94.1
427,46,110.07,94.1
377,41,110.07,94.1
381,41,109.96,94.1
276,37,109.85,94.1
307,34,109.51,94.1
431,45,109.06,94.1
615,63,109.4,94.1
618,63,109.85,94.1
662,73,110.3,94.1
679,79,110.75,94.1
685,80,111.2,94.1
683,80,111.42,94.1
682,80,111.54,94.1
685,81,111.99,94.1
683,80,112.1,94.1
650,71,112.32,94.1
533,53,112.55,94.1
544,56,112.44,94.1
534,54,112.55,94.1
486,49,112.66,94.1
476,50,112.78,94.1
482,51,112.66,94.1
414,44,111.88,94.1
382,40,111.09,94.1
383,40,111.09,94.1
374,40,110.64,94.1
336,37,110.53,94.1
342,38,110.07,94.1
384,43,110.07,94.1
382,43,110.07,94.1
360,40,109.74,94.1
386,42,109.51,94.1
489,51,109.4,94.1
566,59,109.4,94.1
574,59,109.63,94.1
504,52,109.63,94.1
431,46,109.51,94.1
432,46,109.4,94.1
391,42,109.63,94.1
341,37,109.85,94.1
328,37,109.85,94.1
300,34,109.63,94.1
290,34,109.4,94.1
314,36,109.06,94.1
382,41,109.06,94.1
333,37,109.29,94.1
282,32,109.17,94.1
293,34,109.06,94.1
288,34,109.06,94.1
329,37,109.06,93.2
348,40,108.95,93.2
376,43,108.84,93.2
355,42,108.16,93.2
405,43,107.94,93.2
381,40,107.94,93.2
326,36,107.38,93.2
356,38,107.26,93.2
364,38,107.15,93.2
333,37,107.04,93.2
305,34,106.7,93.2
290,33,106.47,93.2
262,31,106.03,93.2
245,30,105.69,93.2
242,29,105.69,93.2
240,29,105.69,93.2
239,29,105.69,93.2
243,29,105.35,93.2
326,36,105.24,93.2
355,38,105.24,93.2
338,37,105.24,93.2
323,36,105.35,93.2
320,36,105.24,93.2
375,40,105.01,93.2
417,43,104.9,93.2
400,42,104.79,93.2
465,46,104.56,93.2
392,40,104.45,93.2
221,27,104.34,93.2
215,27,104.34,93.2
213,27,104.22,93.2
211,26,104.22,93.2
210,26,104,93.2
210,26,104,93.2
210,26,104,93.2
213,26,103.89,93.2
239,28,103.89,93.2
268,30,104,93.2
220,26,103.89,93.2
203,25,104,93.2
201,25,104,93.2
199,25,103.89,93.2
197,25,103.66,93.2
195,25,103.66,93.2
193,24,103.66,93.2
192,24,103.44,93.2
189,24,103.44,93.2
187,24,103.1,93.2
185,24,103.1,92.3
183,23,102.99,92.3
182,23,102.76,92.3
180,23,102.65,92.3
179,23,102.65,92.3
178,23,102.54,92.3
177,23,102.42,92.3
177,23,102.42,92.3
176,23,102.09,92.3
176,23,101.97,92.3
176,22,101.97,92.3
176,23,101.97,92.3
176,23,101.86,92.3
176,23,101.86,92.3
176,23,101.64,92.3
177,23,101.53,92.3
177,22,101.53,92.3
177,23,101.3,92.3
177,22,101.19,92.3
177,23,101.07,92.3
178,23,100.96,92.3
178,23,100.96,92.3
178,23,100.96,92.3
178,23,100.85,91.4
178,23,100.85,91.4
178,23,100.85,91.4
178,23,100.85,91.4
178,23,100.74,91.4
179,23,100.63,91.4
178,23,100.63,91.4
178,23,100.63,91.4
178,23,100.63,92.3
178,23,100.74,92.3
179,23,100.85,92.3
179,23,100.96,92.3
179,23,100.96,92.3
180,23,100.85,92.3
180,23,100.74,92.3
180,23,100.74,92.3
181,23,100.63,92.3
180,23,100.63,92.3
180,23,100.63,92.3
180,23,100.51,92.3
179,22,100.51,92.3
179,22,100.51,92.3
179,22,100.63,92.3
178,22,100.74,92.3
179,22,100.74,92.3
179,22,100.85,92.3
179,22,100.96,92.3
179,22,100.85,92.3
178,22,100.85,92.3
178,22,100.74,92.3
178,22,100.74,92.3
178,22,100.74,92.3
178,22,100.63,92.3
178,22,100.63,92.3
179,22,100.63,92.3
179,22,100.63,92.3
179,22,100.63,92.3
179,23,100.51,92.3
180,23,100.29,92.3
180,23,100.06,92.3
180,23,99.84,92.3
181,23,99.84,92.3
182,23,99.84,92.3
182,23,99.84,92.3
182,23,99.84,92.3
183,23,99.84,91.4
183,23,99.84,91.4
183,23,99.84,91.4
184,23,99.84,91.4
184,23,99.84,91.4
185,23,99.61,91.4
185,23,99.61,91.4
185,23,99.61,91.4
186,23,99.61,91.4
186,23,99.61,91.4
187,23,99.39,91.4
187,23,99.16,91.4
187,23,99.28,91.4
187,23,99.28,91.4
188,23,99.28,91.4
188,23,99.28,91.4
188,23,99.16,91.4
188,23,99.28,91.4
188,23,99.28,91.4
188,23,99.16,91.4
188,23,98.94,91.4
189,23,98.94,91.4
189,23,98.82,91.4
189,23,98.71,91.4
190,24,98.71,91.4
190,24,98.71,91.4
191,23,98.71,91.4
191,24,98.49,91.4
193,24,98.38,91.4
194,24,98.26,91.4
196,24,98.15,91.4
197,24,98.15,90.5
199,24,98.04,90.5
201,24,98.04,90.5
203,24,98.15,91.4
206,25,98.04,90.5
208,25,97.92,90.5
210,25,97.81,90.5
212,25,97.81,90.5
225,26,97.81,90.5
288,33,97.7,91.4
469,48,97.92,91.4
596,61,98.04,91.4
654,68,98.26,91.4
672,71,98.49,91.4
673,72,98.82,91.4
672,72,99.16,91.4
671,71,99.39,91.4
668,71,99.72,91.4
667,71,99.84,91.4
664,70,100.06,91.4
661,70,100.29,91.4
657,69,100.29,91.4
650,68,100.51,91.4
596,62,100.51,91.4
431,45,100.51,91.4
352,39,100.51,91.4
264,31,100.51,91.4
228,27,100.4,91.4
216,27,100.4,91.4
214,26,100.4,91.4
213,26,100.17,91.4
213,26,100.06,91.4
211,26,99.95,91.4
210,26,99.84,91.4
209,26,99.84,91.4
209,26,99.84,91.4
209,26,99.84,91.4
209,26,99.72,91.4
208,26,99.72,91.4
208,26,99.61,91.4
207,25,99.61,91.4
206,25,99.61,91.4
205,25,99.61,91.4
205,25,99.5,91.4
204,25,99.39,91.4
204,25,99.5,91.4
203,25,99.39,92.3
203,25,99.5,92.3
204,25,99.5,92.3
204,25,99.61,92.3
206,25,99.5,91.4
207,25,99.5,91.4
210,26,99.39,92.3
217,27,99.5,92.3
221,27,99.5,91.4
226,27,99.28,91.4
229,27,99.16,91.4
240,29,99.05,91.4
292,34,99.16,91.4
421,44,99.28,91.4
459,47,99.16,91.4
484,49,99.16,91.4
406,42,99.16,91.4
360,38,99.28,91.4
343,37,99.5,91.4
357,38,99.5,91.4
411,44,99.39,91.4
505,53,99.39,91.4
603,62,99.39,91.4
635,66,99.5,91.4
624,65,99.5,91.4
575,59,99.5,91.4
489,51,99.61,91.4
401,43,99.61,91.4
365,40,99.61,91.4
369,40,99.61,91.4
400,43,99.61,91.4
146,45,99.39,91.4
438,46,99.28,91.4
486,49,99.28,91.4
556,56,99.5,91.4
601,61,99.5,91.4
624,65,99.72,91.4
629,65,99.84,91.4
622,65,99.95,91.4
613,64,100.06,91.4
621,64,100.06,91.4
609,63,100.29,91.4
596,61,100.51,91.4
588,61,100.63,91.4
562,58,100.74,92.3
562,56,100.74,92.3
565,56,100.85,92.3
559,56,101.07,92.3
558,56,101.3,92.3
551,55,101.53,92.3
575,57,101.64,92.3
574,58,101.75,92.3
593,60,101.86,92.3
598,61,101.86,92.3
601,61,101.97,92.3
622,64,101.97,92.3
616,62,102.2,92.3
560,56,102.09,92.3
539,54,102.2,92.3
473,47,102.31,92.3
472,47,102.42,92.3
485,49,102.31,92.3
406,43,102.2,92.3
356,38,102.2,92.3
331,35,102.09,92.3
310,32,101.86,92.3
286,31,101.86,92.3
276,30,101.86,92.3
275,31,101.75,92.3
248,29,101.64,92.3
239,29,101.53,92.3
248,30,101.3,92.3
296,34,101.19,92.3
299,34,101.19,92.3
263,31,101.19,92.3
208,26,101.3,92.3
181,23,101.19,92.3
175,22,100.96,92.3
174,22,100.74,92.3
173,22,100.63,92.3
173,22,100.51,92.3
172,22,100.51,91.4
172,22,100.29,91.4
170,22,100.06,91.4
169,22,100.06,92.3
169,22,99.95,91.4
168,21,99.95,92.3
167,21,99.95,92.3
167,21,100.06,92.3
167,21,99.95,92.3
167,21,99.84,91.4
167,21,99.72,91.4
168,21,99.61,91.4
168,21,99.5,91.4
169,22,99.61,91.4
170,22,99.72,91.4
173,22,99.84,91.4
177,22,99.84,91.4
184,23,99.72,91.4
195,24,99.72,91.4
224,27,99.72,92.3
282,32,99.72,92.3
326,36,99.72,92.3
378,40,99.61,92.3
431,44,99.72,92.3
483,48,99.84,92.3
502,50,99.84,91.4
482,47,99.72,91.4
416,42,99.72,91.4
369,37,99.61,91.4
334,35,99.5,91.4
334,35,99.39,91.4
313,33,99.5,91.4
297,32,99.28,91.4
266,30,99.16,91.4
243,28,99.16,91.4
239,28,99.39,91.4
207,26,99.39,91.4
182,23,99.39,91.4
179,23,99.39,91.4
175,22,99.39,91.4
172,22,99.39,91.4
167,21,99.16,91.4
164,21,99.16,91.4
161,21,99.05,91.4
160,21,99.05,91.4
159,21,98.94,91.4
158,20,98.82,91.4
157,20,98.82,91.4
155,20,98.71,91.4
154,20,98.71,91.4
153,20,98.71,91.4
152,20,98.49,91.4
151,20,98.38,91.4
150,20,98.38,91.4
149,19,98.26,91.4
149,19,98.15,91.4
148,19,98.15,91.4
147,19,98.15,91.4
147,19,98.15,91.4
147,19,98.15,91.4
147,19,98.15,91.4
145,19,98.26,91.4
145,19,98.15,91.4
145,19,98.15,91.4
146,19,97.92,91.4
146,19,97.81,91.4
147,19,97.7,91.4
146,19,97.59,91.4
147,19,97.59,91.4
147,19,97.59,91.4
147,19,97.59,91.4
147,19,97.47,91.4
146,19,97.47,91.4
146,19,97.36,91.4
146,19,97.36,91.4
146,19,97.47,91.4
146,19,97.47,91.4
145,19,97.36,91.4
145,19,97.36,91.4
144,18,97.25,91.4
144,18,97.25,91.4
143,18,97.25,91.4
143,18,97.25,91.4
143,18,97.14,91.4
142,18,97.14,91.4
142,18,97.14,91.4
141,18,97.14,91.4
141,18,97.14,91.4
141,18,97.14,91.4
141,18,97.03,91.4
140,18,97.03,91.4
139,18,97.03,91.4
139,18,97.14,91.4
140,18,97.25,91.4
139,18,97.36,91.4
139,18,97.36,91.4
139,18,97.25,91.4
139,18,97.25,91.4
139,18,97.03,91.4
139,18,97.03,91.4
139,18,97.03,91.4
139,18,96.91,91.4
140,18,96.91,91.4
140,18,96.91,91.4
140,18,96.8,91.4
141,18,96.57,90.5
141,18,96.46,90.5
141,18,96.35,90.5
142,18,96.24,90.5
143,18,96.24,90.5
143,18,96.13,90.5
144,18,96.01,90.5
145,18,95.9,90.5
146,18,96.01,90.5
147,19,95.9,90.5
148,19,95.9,90.5
151,19,95.9,90.5
151,19,95.9,90.5
153,19,95.9,90.5
158,20,95.79,90.5
173,21,95.79,90.5
195,22,95.68,90.5
212,24,95.79,90.5
202,23,95.79,90.5
192,22,95.79,90.5
161,19,95.68,90.5
151,19,95.56,90.5
148,19,95.56,90.5
147,19,95.56,90.5
146,18,95.45,90.5
145,18,95.45,90.5
144,18,95.56,90.5
143,18,95.56,90.5
142,18,95.68,90.5
142,18,95.56,90.5
142,18,95.56,90.5
142,18,95.56,90.5
142,18,95.56,90.5
143,18,95.56,90.5
143,18,95.68,90.5
143,18,95.68,90.5
143,18,95.56,90.5
142,18,95.56,90.5
142,18,95.45,90.5
142,18,95.34,90.5
141,18,95.11,89.6
141,18,95,89.6
140,18,94.89,89.6
139,18,94.89,89.6
139,18,95,89.6
139,18,94.89,89.6
139,18,95,89.6
139,18,95,89.6
139,18,95.11,89.6
139,18,95,89.6
139,18,95,89.6
139,18,95,89.6
139,18,95.11,89.6
139,18,95.11,89.6
139,18,95,89.6
139,18,95,89.6
142,18,95,89.6
156,20,95,89.6
220,28,95,89.6
346,38,95,89.6
476,48,95,89.6
549,54,95.22,89.6
562,55,95.45,89.6
564,55,95.68,89.6
564,55,95.9,90.5
561,55,96.01,90.5
553,54,96.13,90.5
538,53,96.35,90.5
528,51,96.57,90.5
518,49,96.8,90.5
507,48,96.91,90.5
528,50,96.91,90.5
527,51,97.03,90.5
559,55,97.25,90.5
557,55,97.47,90.5
558,55,97.59,91.4
558,55,97.81,91.4
557,55,97.92,91.4
557,55,97.92,91.4
557,56,98.04,91.4
556,56,98.15,91.4
556,56,98.26,91.4
555,56,98.38,91.4
555,56,98.6,91.4
555,56,98.71,91.4
553,55,98.94,91.4
553,55,99.05,91.4
553,55,99.28,91.4
552,55,99.5,91.4
546,54,99.61,91.4
502,49,99.84,91.4
451,44,99.72,91.4
361,37,99.61,91.4
309,32,99.5,91.4
282,30,99.5,91.4
216,24,99.05,91.4
167,20,98.94,91.4
136,17,98.94,91.4
132,17,98.82,91.4
131,17,98.82,91.4
131,17,98.6,91.4
133,17,98.49,91.4
136,18,98.38,91.4
138,18,98.38,91.4
154,19,98.15,91.4
222,26,97.92,91.4
319,35,97.81,91.4
458,47,97.92,91.4
515,52,97.92,90.5
541,54,97.92,90.5
541,54,98.04,90.5
540,54,98.04,90.5
539,54,98.15,90.5
538,54,98.15,90.5
537,54,98.26,90.5
536,54,98.38,90.5
535,54,98.38,90.5
535,54,98.26,90.5
534,54,98.15,90.5
533,54,98.38,90.5
532,54,98.38,90.5
531,53,98.38,90.5
530,54,98.38,90.5
529,53,98.38,90.5
528,54,98.6,90.5
527,54,98.6,90.5
527,53,98.71,90.5
526,53,98.82,90.5
526,53,98.82,91.4
525,53,98.94,91.4
524,53,99.05,91.4
523,53,99.16,91.4
523,53,99.28,91.4
522,53,99.39,91.4
521,53,99.39,91.4
520,53,99.39,91.4
520,53,99.39,91.4
518,53,99.28,91.4
518,53,99.39,90.5
517,53,99.28,90.5
517,52,99.16,90.5
515,53,99.16,90.5
515,53,98.94,90.5
514,52,99.05,90.5
514,52,98.94,90.5
513,52,99.05,90.5
513,52,99.16,90.5
512,52,99.28,90.5
512,52,99.39,90.5
511,52,99.39,90.5
510,52,99.39,90.5
509,52,99.28,90.5
508,52,99.28,90.5
507,52,99.28,90.5
506,51,99.39,90.5
505,51,99.39,90.5
504,51,99.39,90.5
502,51,99.39,90.5
502,51,99.5,90.5
501,51,99.72,90.5
501,51,99.61,90.5
500,51,99.61,90.5
500,51,99.72,90.5
499,51,99.84,91.4
498,50,99.84,91.4
497,50,99.72,91.4
497,51,99.84,91.4
497,50,99.95,91.4
497,51,99.84,91.4
495,50,99.72,91.4
495,50,99.84,91.4
493,50,100.06,91.4
491,50,100.17,91.4
490,50,100.29,91.4
489,50,100.4,91.4
486,50,100.51,91.4
488,49,100.74,91.4
489,49,100.85,91.4
489,49,101.07,91.4
488,49,101.19,91.4
487,49,101.3,91.4
486,49,101.41,91.4
486,49,101.41,91.4
485,49,101.41,91.4
485,49,101.41,91.4
484,49,101.41,91.4
484,49,101.53,91.4
483,49,101.53,91.4
482,49,101.41,91.4
482,49,101.41,91.4
481,49,101.19,91.4
481,49,101.07,91.4
480,49,100.85,91.4
479,48,100.74,91.4
479,49,100.74,91.4
478,48,100.51,91.4
478,48,100.4,91.4
477,48,100.51,91.4
476,48,100.51,91.4
475,48,100.4,91.4
475,48,100.4,91.4
474,48,100.51,91.4
473,48,100.63,91.4
472,48,100.4,91.4
471,48,100.17,90.5
470,47,100.17,90.5
470,48,100.06,90.5
469,47,99.95,90.5
469,47,99.95,90.5
469,47,99.95,90.5
468,47,99.95,90.5
466,47,99.84,90.5
466,47,99.72,90.5
465,47,99.84,90.5
464,47,99.95,90.5
464,47,100.06,90.5
463,47,100.06,90.5
462,46,99.95,90.5
463,47,99.95,90.5
462,47,99.84,90.5
462,47,99.84,90.5
461,47,99.84,90.5
460,47,99.84,90.5
460,47,99.84,90.5
459,47,99.84,90.5
458,47,99.72,90.5
458,47,99.72,90.5
457,47,99.72,90.5
456,47,99.72,90.5
456,47,99.72,90.5
455,47,99.84,90.5
455,46,99.95,90.5
455,46,99.95,91.4
454,46,99.95,91.4
453,46,99.95,91.4
453,46,99.84,91.4
452,46,99.84,91.4
451,46,99.61,90.5
450,46,99.5,91.4
450,46,99.5,91.4
450,46,99.39,91.4
449,46,99.39,91.4
448,46,99.5,91.4
448,46,99.5,91.4
448,46,99.61,91.4
447,46,99.61,91.4
446,46,99.72,91.4
445,46,99.84,91.4
445,46,99.95,91.4
444,46,99.95,91.4
444,46,99.95,91.4
443,46,99.84,91.4
442,45,99.95,91.4
441,45,99.95,91.4
439,45,100.06,91.4
438,45,100.17,91.4
436,45,100.06,91.4
435,45,100.06,91.4
430,44,100.17,91.4
431,44,99.95,91.4
430,44,99.84,91.4
428,45,99.72,91.4
424,44,99.72,91.4
424,44,99.95,91.4
426,44,99.95,91.4
427,44,99.72,91.4
427,44,99.84,91.4
427,44,99.61,91.4
411,43,99.5,90.5
348,38,99.39,90.5
335,37,99.16,90.5
369,41,99.16,90.5
413,43,99.05,90.5
421,44,98.94,90.5
421,44,99.05,90.5
420,44,99.05,90.5
419,44,98.94,90.5
419,44,98.94,90.5
419,44,98.82,90.5
420,44,98.94,90.5
419,44,98.82,90.5
420,44,98.82,90.5
419,44,98.82,90.5
418,43,98.94,90.5
420,44,98.94,90.5
420,44,98.94,90.5
413,43,98.94,90.5
351,37,98.94,90.5
297,32,98.6,90.5
308,33,98.49,90.5
359,38,98.38,90.5
367,39,98.38,90.5
384,40,98.26,90.5
401,41,98.15,90.5
412,42,98.15,90.5
412,42,97.92,90.5
411,42,97.92,90.5
404,42,97.92,90.5
399,41,98.04,90.5
394,41,98.15,90.5
405,42,98.04,90.5
404,42,98.04,90.5
404,42,98.15,90.5
402,42,98.26,90.5
401,42,98.38,90.5
399,42,98.38,90.5
398,41,98.15,90.5
396,41,98.26,90.5
395,41,98.26,90.5
394,41,98.26,90.5
391,41,98.15,90.5
391,41,98.04,90.5
389,41,98.15,90.5
387,41,98.04,90.5
386,41,98.04,90.5
383,40,97.92,90.5
382,40,97.92,90.5
380,40,98.04,90.5
377,40,98.15,90.5
375,40,98.15,90.5
374,39,98.26,90.5
372,39,98.38,90.5
370,39,98.26,90.5
370,39,98.15,90.5
371,39,98.15,90.5
371,39,97.92,90.5
371,39,97.92,90.5
370,39,97.81,90.5
369,39,97.7,90.5
368,39,97.7,90.5
366,39,97.7,90.5
365,39,97.7,90.5
364,39,97.81,90.5
364,39,97.81,90.5
364,39,97.92,90.5
363,38,97.92,90.5
363,38,98.04,90.5
361,38,98.04,90.5
360,38,98.04,90.5
358,38,98.04,90.5
357,38,98.15,90.5
356,38,98.04,90.5
357,38,98.04,90.5
357,38,97.92,90.5
358,38,97.7,90.5
358,38,97.59,90.5
358,38,97.59,90.5
358,38,97.47,90.5
357,38,97.47,90.5
356,38,97.36,90.5
356,38,97.25,90.5
355,38,97.14,90.5
354,38,97.14,90.5
353,38,97.03,90.5
352,38,97.03,90.5
351,37,97.03,90.5
350,37,97.03,90.5
348,37,97.03,90.5
333,36,96.91,90.5
328,35,96.91,90.5
321,34,96.69,90.5
305,32,96.8,90.5
296,31,96.8,90.5
296,32,96.8,90.5
319,34,96.8,90.5
331,36,96.69,90.5
337,36,96.91,90.5
337,36,97.03,90.5
336,36,97.03,90.5
335,36,97.03,90.5
325,35,97.03,90.5
317,35,97.03,90.5
315,35,97.03,90.5
324,35,97.03,90.5
327,35,97.03,90.5
328,35,96.91,90.5
326,35,97.03,90.5
325,35,97.03,90.5
325,35,97.03,90.5
324,35,97.03,90.5
324,35,97.03,90.5
323,35,97.03,90.5
322,35,96.91,90.5
321,35,96.91,90.5
321,35,96.91,90.5
320,35,97.03,90.5
318,35,97.14,90.5
316,34,97.14,90.5
299,33,97.14,90.5
309,34,97.03,90.5
315,34,96.91,90.5
314,34,96.8,90.5
312,34,96.69,90.5
311,34,96.8,90.5
311,34,96.8,90.5
310,34,96.8,90.5
310,34,96.69,89.6
309,34,96.57,89.6
308,34,96.57,89.6
307,34,96.35,89.6
307,33,96.24,89.6
306,33,96.24,89.6
306,33,96.13,89.6
306,33,96.13,89.6
306,33,96.13,89.6
306,33,96.13,89.6
305,33,96.01,89.6
305,33,95.9,89.6
304,33,95.9,89.6
304,33,96.01,89.6
304,33,96.01,89.6
303,33,96.01,89.6
303,33,96.01,89.6
302,33,96.01,89.6
302,33,96.01,89.6
301,33,96.01,89.6
301,33,96.01,89.6
300,33,96.01,89.6
300,32,95.9,89.6
299,32,95.9,89.6
298,32,95.9,89.6
298,32,96.13,89.6
297,32,96.13,89.6
296,32,96.01,89.6
296,32,95.9,89.6
295,32,95.9,89.6
295,32,95.9,89.6
294,32,95.9,89.6
294,32,95.9,89.6
292,32,95.9,89.6
291,32,95.79,89.6
290,32,95.9,89.6
290,32,95.9,89.6
289,32,95.9,89.6
288,31,95.79,89.6
287,31,95.79,89.6
286,31,95.9,89.6
286,31,95.9,89.6
286,31,95.79,89.6
285,31,95.68,89.6
285,31,95.56,89.6
284,31,95.45,89.6
283,31,95.34,89.6
283,31,95.34,89.6
282,31,95.45,89.6
282,31,95.45,89.6
281,31,95.45,89.6
280,31,95.45,89.6
280,31,95.45,89.6
280,31,95.45,89.6
279,31,95.34,89.6
278,31,95.34,89.6
275,30,95.34,89.6
272,30,95.22,89.6
265,29,95.22,89.6
245,28,95.11,89.6
225,26,95.11,89.6
213,25,95.11,89.6
203,23,95.11,89.6
192,22,95.11,89.6
184,21,95.11,89.6
180,22,95,89.6
217,25,95,89.6
232,26,95,89.6
245,27,95.11,89.6
253,28,95.11,89.6
260,29,95.11,89.6
263,29,95,89.6
264,29,95,89.6
264,29,95,89.6
263,29,95,89.6
262,29,95.11,89.6
262,29,95.11,89.6
261,29,95.22,89.6
260,29,95.22,89.6
260,29,95.22,89.6
259,29,95.22,89.6
246,27,95.45,89.6
231,26,95.34,89.6
211,24,95.34,89.6
213,25,95.22,89.6
224,26,95.11,89.6
224,25,95.11,89.6
213,24,95,89.6
195,23,95,89.6
170,20,94.77,89.6
142,17,94.66,89.6
124,15,94.66,89.6
110,13,94.44,89.6
93,11,94.32,89.6
93,11,94.32,88.7
98,11,94.21,88.7
100,12,94.21,88.7
105,12,94.21,88.7
112,13,94.21,88.7
114,13,94.1,88.7
117,14,94.1,88.7
127,15,93.88,88.7
134,16,93.76,88.7
134,16,93.88,88.7
134,16,93.76,88.7
127,15,93.65,88.7
116,13,93.65,88.7
113,13,93.65,88.7
122,14,93.65,88.7
137,16,93.65,88.7
154,18,93.65,88.7
165,19,93.65,88.7
182,21,93.65,88.7
185,21,93.65,88.7
179,21,93.54,88.7
174,20,93.54,88.7
163,19,93.43,88.7
159,18,93.43,88.7
160,19,93.43,88.7
176,20,93.54,88.7
181,21,93.54,88.7
183,21,93.65,88.7
189,22,93.65,88.7
202,23,93.65,88.7
210,24,93.76,88.7
213,24,93.76,88.7
216,24,93.76,89.6
214,24,93.88,89.6
215,24,93.88,89.6
215,24,93.88,89.6
214,24,93.88,89.6
213,24,93.88,89.6
213,24,93.76,89.6
212,24,93.88,89.6
211,24,93.88,89.6
210,24,93.76,89.6
210,24,93.88,89.6
209,24,93.88,89.6
208,24,93.76,89.6
208,24,93.76,89.6
207,24,93.76,89.6
206,24,93.76,89.6
205,23,93.88,89.6
205,23,93.88,89.6
204,23,93.88,89.6
203,23,93.88,89.6
203,23,93.99,89.6
202,23,94.1,89.6
201,23,94.1,89.6
200,23,94.1,89.6
200,23,93.99,89.6
199,23,93.99,89.6
198,23,93.99,89.6
198,23,93.99,89.6
197,23,94.1,89.6
196,23,94.1,89.6
195,22,94.21,89.6
194,22,94.21,89.6
193,22,94.32,89.6
194,22,94.32,89.6
193,22,94.21,89.6
192,22,94.32,89.6
191,22,94.44,89.6
191,22,94.32,89.6
189,22,94.32,89.6
189,22,94.32,89.6
188,22,94.32,89.6
188,22,94.32,89.6
187,21,94.21,89.6
187,21,94.32,89.6
186,21,94.21,89.6
185,21,94.21,89.6
185,21,94.1,89.6
184,21,93.99,89.6
183,21,93.99,89.6
182,21,93.88,89.6
182,21,93.88,89.6
182,21,93.76,89.6
180,21,93.88,89.6
180,21,93.99,89.6
179,21,93.88,89.6
179,21,93.99,89.6
178,21,93.99,89.6
177,21,93.88,89.6
176,20,93.88,89.6
176,20,93.88,89.6
175,20,93.76,89.6
174,20,93.76,89.6
173,20,93.65,89.6
172,20,93.76,89.6
172,20,93.76,89.6
172,20,93.76,89.6
171,20,93.76,89.6
170,20,93.76,89.6
169,20,93.76,89.6
168,20,93.76,89.6
168,20,93.65,89.6
167,19,93.65,89.6
166,19,93.65,89.6
165,19,93.54,89.6
165,19,93.54,89.6
164,19,93.54,89.6
163,19,93.54,89.6
162,19,93.43,89.6
162,19,93.43,89.6
161,19,93.43,89.6
160,19,93.43,89.6
160,18,93.43,89.6
159,18,93.43,89.6
158,18,93.54,89.6
157,18,93.54,89.6
156,18,93.54,89.6
156,18,93.43,89.6
155,18,93.43,89.6
154,18,93.43,89.6
154,18,93.43,89.6
153,18,93.43,89.6
153,18,93.54,89.6
152,18,93.54,88.7
151,18,93.54,88.7
150,17,93.43,88.7
150,17,93.43,88.7
148,17,93.43,88.7
148,17,93.43,88.7
148,17,93.43,88.7
147,17,93.54,88.7
146,17,93.54,88.7
145,17,93.43,88.7
144,17,93.31,88.7
144,17,93.2,88.7
143,17,93.2,88.7
142,16,93.09,88.7
142,16,92.97,88.7
141,16,92.97,88.7
140,16,92.86,88.7
139,16,92.75,88.7
139,16,92.75,88.7
138,16,92.75,88.7
137,16,92.64,88.7
136,16,92.75,88.7
135,16,92.75,88.7
135,16,92.75,88.7
134,16,92.64,88.7
134,16,92.64,88.7
133,15,92.64,88.7
133,15,92.64,88.7
132,15,92.52,88.7
131,15,92.52,88.7
130,15,92.52,88.7
130,15,92.52,88.7
129,15,92.52,88.7
128,15,92.41,88.7
127,15,92.41,88.7
127,15,92.41,88.7
126,15,92.41,88.7
125,14,92.52,88.7
125,14,92.52,88.7
124,14,92.52,88.7
123,14,92.52,88.7
122,14,92.52,88.7
122,14,92.52,88.7
121,14,92.52,88.7
120,14,92.52,88.7
119,14,92.41,88.7
118,14,92.41,88.7
118,14,92.52,88.7
117,13,92.52,88.7
117,13,92.52,88.7
116,13,92.52,88.7
115,13,92.41,88.7
114,13,92.41,88.7
114,13,92.3,88.7
113,13,92.19,88.7
112,13,92.19,88.7
111,13,92.07,88.7
110,13,92.07,88.7
110,13,92.07,88.7
109,13,92.07,88.7
109,13,91.96,88.7
108,12,91.96,88.7
107,12,91.96,88.7
107,12,92.07,88.7
107,12,92.07,88.7
107,12,92.07,88.7
106,12,92.07,88.7
106,12,92.07,88.7
104,12,92.07,88.7
99,11,92.19,88.7
96,11,92.19,88.7
90,10,92.19,88.7
90,10,92.19,88.7
91,10,92.19,88.7
91,10,92.19,88.7
85,10,92.19,88.7
75,9,92.19,88.7
76,9,92.19,88.7
81,9,92.3,88.7
88,10,92.3,88.7
93,11,92.3,88.7
95,11,92.3,88.7
95,11,92.3,88.7
95,11,92.3,88.7
94,11,92.3,88.7
93,11,92.19,88.7
92,10,92.19,88.7
91,10,92.07,88.7
91,10,91.96,88.7
90,10,91.96,88.7
89,10,91.96,88.7
88,10,91.96,88.7
88,10,91.96,88.7
87,10,91.85,88.7
86,10,91.74,88.7
85,10,91.74,88.7
84,9,91.74,88.7
80,9,91.74,88.7
79,9,91.74,88.7
81,9,91.74,88.7
80,9,91.74,88.7
79,9,91.63,88.7
79,9,91.74,88.7
79,9,91.74,88.7
78,9,91.63,88.7
76,9,91.63,88.7
69,8,91.63,88.7
60,6,91.63,88.7
52,5,91.63,88.7
38,3,91.51,88.7
32,2,91.51,88.7
23,1,91.4,88.7
19,1,91.4,88.7
18,1,91.29,88.7
18,1,91.4,88.7
21,1,91.4,88.7
21,1,91.4,88.7
21,1,91.29,88.7
24,2,91.29,88.7
29,2,91.29,88.7
31,3,91.29,88.7
34,3,91.29,88.7
39,4,91.18,88.7
47,5,91.06,88.7
46,5,91.06,88.7
51,5,90.95,88.7
53,5,90.95,88.7
53,6,90.95,88.7
53,5,90.95,88.7
53,5,90.84,87.8
49,5,90.84,88.7
45,4,90.72,87.8
45,4,90.61,87.8
47,5,90.61,87.8
50,5,90.61,87.8
44,4,90.61,87.8
42,4,90.5,87.8
34,3,90.5,87.8
27,2,90.5,87.8
21,1,90.39,87.8
17,1,90.39,87.8
18,1,90.5,87.8
19,1,90.39,87.8
23,1,90.39,87.8
26,2,90.39,87.8
20,1,90.27,87.8
17,1,90.27,87.8
19,1,90.27,87.8
24,2,90.27,87.8
25,2,90.16,87.8
26,2,90.16,87.8
27,2,90.05,87.8
31,3,89.94,87.8
31,3,90.05,87.8
29,2,89.94,87.8
34,3,90.05,87.8
43,4,90.05,87.8
46,4,90.05,87.8
45,4,90.05,87.8
45,4,90.05,87.8
45,4,90.05,87.8
44,4,90.05,87.8
44,4,90.05,87.8
43,4,90.05,87.8
43,4,90.05,87.8
42,4,90.05,87.8
41,4,90.05,87.8
41,4,90.05,87.8
39,3,90.05,87.8
39,4,90.05,87.8
38,3,90.05,87.8
36,3,90.05,87.8
36,3,90.05,87.8
37,3,90.05,87.8
37,3,89.94,87.8
36,3,89.94,87.8
36,3,89.94,87.8
36,3,89.94,87.8
35,3,89.94,87.8
34,3,90.05,87.8
34,3,90.05,87.8
34,3,90.05,87.8
33,3,90.05,87.8
32,3,89.94,87.8
32,3,89.94,87.8
32,2,89.94,87.8
31,2,89.94,87.8
31,2,89.94,87.8
30,2,89.94,87.8
30,2,89.94,87.8
29,2,89.82,87.8
28,2,89.82,87.8
28,2,89.71,87.8
27,2,89.71,87.8
27,2,89.71,87.8
26,2,89.71,87.8
26,2,89.6,87.8
25,2,89.6,87.8
25,2,89.49,87.8
24,2,89.49,87.8
24,1,89.49,87.8
23,1,89.49,87.8
23,1,89.49,87.8
22,1,89.49,87.8
22,1,89.49,87.8
21,1,89.38,87.8
21,1,89.38,87.8
20,1,89.38,87.8
20,1,89.38,87.8
19,1,89.38,87.8
19,1,89.38,87.8
18,1,89.38,87.8
18,1,89.38,87.8
17,1,89.26,87.8
17,1,89.26,87.8
16,0,89.26,87.8
16,0,89.26,87.8
15,0,89.26,87.8
15,0,89.26,87.8
15,0,89.15,87.8
14,0,89.15,87.8
14,0,89.15,87.8
13,0,89.15,87.8
13,0,89.15,87.8
12,0,89.15,87.8
12,0,89.15,87.8
12,0,89.15,87.8
11,0,89.26,87.8
11,0,89.15,87.8
10,0,89.15,87.8
10,0,89.15,87.8
10,0,89.04,87.8
9,0,89.04,87.8
9,0,89.04,87.8
8,0,89.04,87.8
8,0,89.04,87.8
8,0,89.04,87.8
7,0,88.93,87.8
7,0,88.93,87.8
6,0,88.93,87.8
6,0,88.93,87.8
6,0,88.93,87.8
5,0,88.93,87.8
5,0,88.93,87.8
5,0,88.81,87.8
4,0,88.81,87.8
4,0,88.81,87.8
3,0,88.81,87.8
3,0,88.81,87.8
3,0,88.7,87.8
2,0,88.7,87.8
2,0,88.7,87.8
2,0,88.7,87.8
2,0,88.7,87.8
1,0,88.7,87.8
1,0,88.7,87.8
1,0,88.59,87.8
0,0,88.59,87.8
0,0,88.59,87.8
0,0,88.59,87.8
0,0,88.59,87.8
0,0,88.59,87.8
0,0,88.47,87.8
0,0,88.47,87.8
0,0,88.47,87.8
0,0,88.47,87.8
0,0,88.47,87.8
0,0,88.47,87.8
0,0,88.47,87.8
0,0,88.47,87.8
0,0,88.36,87.8
0,0,88.36,86.9
0,0,88.36,86.9
0,0,88.36,86.9
0,0,88.25,86.9
0,0,88.25,86.9
0,0,88.25,86.9
0,0,88.25,87.8
0,0,88.25,86.9
0,0,88.25,86.9
0,0,88.25,86.9
0,0,88.25,86.9
0,0,88.25,86.9
0,0,88.14,86.9
0,0,88.14,86.9
0,0,88.14,86.9
0,0,88.14,86.9
0,0,88.14,86.9
0,0,88.14,86.9
0,0,88.14,86.9
0,0,88.14,86.9
0,0,88.14,86.9
0,0,88.14,86.9
0,0,88.14,86.9
0,0,88.14,86.9
0,0,88.14,86.9
0,0,88.14,86.9
0,0,88.14,86.9
0,0,88.14,86.9
0,0,88.02,86.9
0,0,88.02,86.9
0,0,88.02,86.9
0,0,88.02,86.9
0,0,88.02,86.9
0,0,88.02,86.9
0,0,88.02,86.9
0,0,88.02,86.9
0,0,88.02,86.9
0,0,88.02,86.9
0,0,88.02,86.9
0,0,88.02,86.9
0,0,88.02,86.9
0,0,88.02,86.9
0,0,88.02,86.9
0,0,88.02,86.9
0,0,87.91,86.9
0,0,87.91,86.9
0,0,87.91,86.9
0,0,87.91,86.9
0,0,87.91,86.9
0,0,87.91,86.9
0,0,87.91,86.9
0,0,87.8,86.9
0,0,87.8,86.9
0,0,87.8,86.9
0,0,87.8,86.9
0,0,87.8,86.9
0,0,87.8,86.9
0,0,87.8,86.9
0,0,87.8,86.9
0,0,87.8,86.9
0,0,87.8,86.9
0,0,87.69,86.9
0,0,87.69,86.9
0,0,87.69,86.9
0,0,87.69,86.9
0,0,87.69,86.9
0,0,87.69,86.9
0,0,87.69,86.9
0,0,87.69,86.9
0,0,87.69,86.9
0,0,87.57,86.9
0,0,87.57,86.9
0,0,87.57,86.9
0,0,87.57,86.9
0,0,87.57,86.9
0,0,87.57,86.9
0,0,87.57,86.9
0,0,87.57,86.9
0,0,87.57,86.9
0,0,87.57,86.9
0,0,87.46,86.9
0,0,87.46,86.9
0,0,87.57,86.9
0,0,87.46,86.9
0,0,87.57,86.9
0,0,87.46,86.9
0,0,87.46,86.9
0,0,87.46,86.9
0,0,87.46,86.9
0,0,87.46,86.9
0,0,87.46,86.9
0,0,87.46,86.9
0,0,87.46,86.9
0,0,87.46,86.9
0,0,87.35,86.9
0,0,87.35,86.9
0,0,87.35,86.9
1,0,87.35,86.9
1,0,87.35,86.9
1,0,87.35,86.9
1,0,87.35,86.9
2,0,87.35,86.9
2,0,87.35,86.9
2,0,87.35,86.9
3,0,87.35,86.9
3,0,87.35,86.9
3,0,87.35,86.9
4,0,87.35,86.9
4,0,87.35,86.9
5,0,87.35,86.9
5,0,87.35,86.9
5,0,87.35,86.9
6,0,87.35,86.9
6,0,87.35,86.9
6,0,87.35,86.9
7,0,87.35,86.9
7,0,87.35,86.9
7,0,87.35,86.9
8,0,87.35,86.9
8,0,87.35,86.9
8,0,87.35,86.9
9,0,87.35,86.9
9,0,87.35,86.9
10,0,87.35,86.9
10,0,87.35,86.9
11,0,87.35,86.9
11,0,87.35,86.9
11,0,87.35,86.9
12,0,87.35,86.9
12,0,87.35,86.9
13,0,87.35,86.9
13,0,87.35,86.9
13,0,87.35,86.9
14,0,87.35,86.9
14,0,87.35,86.9
15,0,87.35,86.9
15,0,87.35,86.9
16,0,87.35,86.9
16,0,87.35,86.9
16,0,87.35,86.9
17,1,87.46,86.9
17,1,87.46,86.9
18,1,87.46,86.9
18,1,87.46,86.9
19,1,87.35,86.9
19,1,87.46,86.9
20,1,87.46,86.9
20,1,87.46,86.9
21,1,87.46,86.9
21,1,87.46,86.9
21,1,87.46,86.9
22,1,87.46,86.9
23,1,87.46,86.9
23,1,87.46,86.9
23,1,87.46,86.9
24,2,87.46,86.9
24,2,87.46,86.9
25,2,87.46,86.9
26,2,87.46,86.9
26,2,87.46,86.9
26,2,87.46,86.9
27,2,87.46,86.9
27,2,87.46,86.9
28,2,87.46,86.9
28,2,87.46,86.9
29,2,87.46,86.9
29,2,87.46,86.9
30,2,87.46,86.9
30,2,87.46,86.9
31,2,87.46,86.9
31,2,87.46,86.9
32,3,87.46,86.9
32,3,87.46,86.9
33,3,87.46,86.9
33,3,87.57,86.9
34,3,87.46,86.9
34,3,87.46,86.9
35,3,87.46,86.9
35,3,87.46,86.9
36,3,87.46,86.9
36,3,87.46,86.9
37,3,87.46,86.9
37,3,87.46,86.9
38,3,87.35,86.9
38,3,87.35,86.9
39,4,87.35,86.9
39,4,87.35,86.9
40,4,87.35,86.9
40,4,87.35,86.9
41,4,87.35,86.9
42,4,87.35,86.9
42,4,87.35,86.9
42,4,87.35,86.9
43,4,87.35,86.9
44,4,87.35,86.9
44,4,87.35,86.9
45,4,87.35,86.9
45,4,87.35,86.9
46,4,87.46,86.9
46,4,87.46,86.9
47,5,87.46,86.9
47,5,87.46,86.9
48,5,87.46,86.9
48,5,87.46,86.9
49,5,87.46,86.9
49,5,87.46,86.9
50,5,87.46,86.9
51,5,87.46,86.9
51,5,87.46,86.9
52,5,87.57,86.9
52,5,87.57,86.9
53,5,87.57,86.9
53,5,87.57,86.9
54,6,87.57,86.9
55,6,87.57,86.9
55,6,87.57,86.9
56,6,87.69,86.9
56,6,87.69,86.9
57,6,87.69,86.9
57,6,87.69,86.9
58,6,87.69,86.9
58,6,87.69,86.9
59,6,87.69,86.9
59,6,87.69,86.9
60,6,87.8,86.9
61,6,87.69,86.9
61,6,87.8,86.9
62,7,87.8,86.9
62,7,87.8,86.9
63,7,87.8,86.9
63,7,87.8,86.9
64,7,87.8,86.9
64,7,87.8,86.9
65,7,87.8,86.9
65,7,87.8,86.9
66,7,87.8,86.9
67,7,87.8,86.9
67,7,87.8,86.9
68,7,87.8,86.9
68,7,87.8,86.9
69,7,87.8,86.9
70,7,87.8,86.9
70,8,87.8,86.9
71,8,87.8,86.9
71,8,87.8,86.9
72,8,87.8,86.9
72,8,87.8,86.9
73,8,87.8,86.9
74,8,87.8,86.9
74,8,87.91,86.9
75,8,87.91,86.9
75,8,87.91,86.9
76,8,87.91,86.9
76,8,87.91,86.9
77,8,87.91,86.9
78,8,87.91,86.9
78,8,87.91,86.9
78,8,87.91,86.9
79,9,87.91,86.9
80,9,88.02,86.9
80,9,88.02,86.9
81,9,88.02,86.9
81,9,88.02,86.9
82,9,88.02,86.9
83,9,88.02,86.9
83,9,88.02,86.9
84,9,88.02,86.9
84,9,88.02,86.9
85,9,88.02,86.9
86,9,88.02,86.9
86,9,88.02,86.9
87,9,88.02,86.9
87,9,88.02,86.9
88,10,88.02,86.9
88,10,88.14,86.9
89,10,88.14,86.9
89,10,88.14,86.9
90,10,88.14,86.9
91,10,88.14,86.9
91,10,88.14,86.9
92,10,88.14,86.9
93,10,88.14,86.9
93,10,88.25,86.9
94,10,88.25,86.9
94,10,88.25,86.9
95,10,88.25,86.9
96,10,88.25,86.9
96,11,88.36,86.9
97,11,88.36,86.9
98,11,88.36,86.9
98,11,88.36,86.9
99,11,88.36,86.9
98,11,88.36,86.9
99,11,88.36,86.9
100,11,88.36,86.9
100,11,88.36,86.9
101,11,88.25,86.9
102,11,88.36,86.9
103,11,88.36,86.9
104,11,88.36,86.9
104,11,88.36,86.9
105,12,88.36,86.9
106,12,88.36,86.9
106,12,88.36,86.9
107,12,88.47,86.9
108,12,88.47,86.9
108,12,88.59,86.9
108,12,88.47,86.9
109,12,88.59,86.9
110,12,88.59,86.9
111,12,88.59,86.9
111,12,88.59,86.9
112,12,88.59,86.9
112,12,88.59,86.9
113,12,88.59,86.9
113,13,88.59,86.9
114,13,88.59,86.9
114,13,88.59,86.9
114,13,88.59,86.9
115,13,88.59,86.9
115,13,88.7,86.9
116,13,88.7,86.9
117,13,88.7,86.9
117,13,88.81,86.9
118,13,88.81,86.9
119,13,88.81,86.9
119,13,88.81,86.9
119,13,88.81,86.9
121,13,88.81,86.9
16,13,88.81,86.9
122,13,88.81,86.9
123,13,88.81,86.9
123,13,88.93,86.9
124,13,88.93,86.9
125,14,88.93,86.9
125,13,88.93,86.9
126,14,88.93,86.9
127,14,89.04,86.9
127,14,89.04,86.9
127,14,89.04,86.9
128,14,89.04,86.9
129,14,89.04,86.9
130,14,89.04,86.9
130,14,89.04,86.9
130,14,89.04,86.9
131,14,89.15,86.9
132,14,89.15,86.9
133,14,89.15,86.9
133,15,89.15,86.9
134,15,89.15,86.9
134,15,89.15,86.9
135,15,89.15,86.9
136,15,89.15,86.9
136,15,89.15,86.9
137,15,89.15,86.9
137,15,89.15,86.9
138,15,89.15,86.9
138,15,89.15,86.9
139,15,89.15,86.9
140,15,89.15,86.9
140,15,89.26,86.9
141,15,89.26,86.9
141,15,89.26,86.9
142,16,89.38,86.9
143,16,89.38,86.9
143,16,89.38,86.9
144,16,89.38,86.9
144,16,89.38,86.9
145,16,89.38,86.9
145,16,89.38,86.9
146,16,89.49,86.9
147,16,89.49,86.9
147,16,89.49,86.9
148,16,89.49,86.9
148,16,89.49,86.9
149,16,89.6,86.9
150,16,89.6,86.9
150,16,89.6,86.9
151,16,89.6,86.9
151,17,89.71,86.9
152,17,89.71,86.9
153,17,89.71,86.9
153,17,89.82,87.8
154,17,89.82,86.9
154,17,89.82,87.8
155,17,89.82,87.8
156,17,89.82,87.8
156,17,89.82,87.8
157,17,89.82,87.8
157,17,89.82,87.8
159,17,89.82,87.8
159,17,89.82,87.8
159,17,89.82,87.8
160,17,89.94,87.8
161,18,89.94,86.9
161,18,89.94,87.8
162,18,89.94,86.9
163,18,89.82,86.9
164,18,89.82,86.9
164,18,89.82,86.9
165,18,89.82,86.9
166,18,89.71,86.9
166,18,89.71,86.9
167,18,89.71,86.9
168,18,89.71,86.9
168,18,89.71,86.9
169,18,89.71,86.9
169,18,89.71,86.9
169,18,89.82,86.9
170,18,89.82,86.9
171,19,89.82,86.9
172,19,89.82,86.9
172,19,89.82,86.9
173,19,89.82,86.9
174,19,89.82,86.9
174,19,89.82,86.9
175,19,89.71,86.9
176,19,89.71,86.9
176,19,89.71,86.9
177,19,89.71,86.9
177,19,89.71,86.9
178,19,89.82,86.9
178,19,89.82,86.9
179,19,89.82,86.9
180,19,89.82,86.9
180,19,89.82,86.9
181,19,89.82,86.9
181,20,89.82,86.9
182,20,89.94,86.9
183,20,89.94,86.9
183,20,89.94,87.8
184,20,90.05,87.8
185,20,90.05,87.8
185,20,90.05,87.8
186,20,90.16,87.8
186,20,90.16,87.8
187,20,90.16,87.8
188,20,90.16,87.8
189,20,90.27,87.8
189,20,90.27,87.8
190,21,90.27,87.8
191,21,90.39,87.8
191,21,90.39,87.8
192,21,90.27,87.8
192,21,90.27,87.8
193,21,90.27,87.8
193,21,90.27,87.8
194,21,90.27,87.8
195,21,90.27,87.8
195,21,90.27,87.8
196,21,90.27,87.8
197,21,90.39,87.8
198,21,90.39,87.8
199,21,90.5,87.8
199,21,90.5,87.8
200,22,90.5,87.8
200,22,90.61,87.8
201,22,90.61,87.8
202,22,90.61,87.8
202,22,90.61,87.8
203,22,90.61,87.8
204,22,90.61,87.8
205,22,90.5,87.8
205,22,90.5,87.8
206,22,90.61,87.8
206,22,90.61,87.8
207,22,90.61,87.8
208,22,90.61,87.8
208,22,90.61,87.8
209,23,90.72,87.8
209,22,90.61,87.8
210,23,90.72,87.8
211,23,90.72,87.8
211,23,90.72,87.8
212,23,90.72,87.8
213,23,90.61,87.8
214,23,90.61,87.8
215,23,90.61,87.8
215,23,90.61,87.8
216,23,90.61,87.8
216,23,90.61,87.8
217,23,90.72,87.8
218,23,90.72,87.8
218,23,90.61,87.8
219,23,90.72,87.8
220,23,90.72,87.8
220,23,90.84,87.8
221,24,90.84,87.8
221,24,90.84,87.8
221,24,90.84,87.8
223,24,90.84,87.8
223,24,90.84,87.8
224,24,90.95,87.8
225,24,90.95,87.8
225,24,91.06,87.8
226,24,91.06,87.8
227,24,91.06,87.8
228,24,91.06,87.8
228,24,91.18,87.8
229,24,91.18,87.8
229,24,91.18,87.8
230,24,91.18,87.8
230,24,91.29,87.8
231,24,91.4,87.8
232,25,91.4,87.8
233,25,91.4,87.8
234,25,91.51,87.8
234,25,91.4,87.8
234,25,91.29,87.8
235,25,91.29,87.8
235,25,91.29,87.8
236,25,91.29,87.8
237,25,91.29,87.8
238,25,91.29,87.8
238,25,91.29,87.8
239,25,91.18,87.8
240,26,91.29,87.8
240,25,91.18,87.8
240,25,91.29,87.8
241,26,91.18,87.8
242,26,91.18,87.8
243,26,91.29,87.8
243,26,91.29,87.8
244,26,91.29,87.8
245,26,91.4,87.8
245,26,91.4,87.8
246,26,91.4,87.8
247,26,91.4,87.8
247,26,91.51,87.8
247,26,91.51,87.8
248,26,91.51,87.8
249,26,91.51,87.8
250,27,91.4,87.8
251,26,91.29,87.8
251,26,91.4,87.8
252,27,91.4,87.8
252,27,91.4,86.9
252,27,91.4,86.9
253,27,91.51,86.9
254,27,91.51,86.9
255,27,91.51,86.9
255,27,91.4,86.9
256,27,91.4,86.9
257,27,91.51,86.9
258,27,91.51,86.9
258,27,91.51,86.9
259,27,91.51,86.9
259,27,91.63,86.9
261,27,91.63,86.9
261,28,91.51,86.9
261,27,91.51,86.9
262,27,91.51,86.9
263,28,91.51,86.9
264,28,91.63,86.9
264,28,91.63,86.9
265,28,91.74,86.9
265,28,91.74,86.9
266,28,91.74,86.9
266,28,91.85,86.9
267,28,91.85,87.8
268,28,91.85,87.8
269,28,91.85,87.8
269,28,91.85,87.8
270,28,91.85,87.8
270,29,91.85,87.8
271,28,91.74,87.8
272,28,91.74,87.8
273,28,91.74,87.8
274,28,91.63,87.8
275,28,91.74,87.8
276,29,91.74,87.8
276,29,91.85,87.8
277,29,91.85,87.8
278,29,91.85,87.8
279,29,91.96,87.8
279,29,91.96,87.8
280,29,92.07,87.8
281,29,92.07,87.8
281,29,92.3,87.8
282,29,92.3,87.8
283,29,92.41,87.8
283,29,92.41,87.8
285,30,92.52,87.8
285,30,92.52,87.8
286,30,92.52,87.8
286,30,92.52,87.8
287,30,92.52,87.8
288,30,92.64,87.8
289,30,92.64,87.8
288,29,92.64,87.8
289,29,92.64,87.8
290,30,92.64,87.8
291,30,92.64,87.8
292,30,92.64,87.8
293,30,92.52,87.8
293,30,92.64,87.8
294,30,92.64,87.8
294,30,92.64,87.8
296,31,92.64,87.8
296,30,92.64,87.8
297,30,92.64,87.8
297,31,92.52,87.8
298,31,92.64,87.8
299,31,92.52,87.8
300,31,92.52,87.8
300,31,92.52,87.8
300,31,92.52,87.8
301,31,92.64,87.8
302,31,92.75,87.8
303,31,92.75,87.8
303,31,92.75,87.8
304,31,92.64,87.8
305,31,92.75,87.8
306,31,92.64,87.8
306,31,92.64,87.8
307,31,92.64,87.8
308,31,92.64,87.8
308,31,92.75,87.8
309,32,92.75,87.8
310,32,92.75,87.8
311,32,92.75,87.8
311,32,92.75,87.8
312,32,92.75,87.8
312,32,92.64,87.8
313,32,92.64,87.8
314,32,92.75,87.8
315,32,92.75,87.8
315,32,92.64,87.8
316,32,92.75,87.8
316,32,92.75,87.8
317,32,92.75,87.8
318,32,92.75,87.8
318,32,92.75,87.8
319,32,92.86,87.8
320,32,92.86,87.8
320,32,92.75,87.8
321,33,92.86,87.8
321,33,92.75,87.8
322,33,92.75,87.8
323,33,92.86,87.8
323,33,92.97,87.8
324,33,93.09,87.8
325,33,93.09,87.8
326,33,92.97,87.8
326,33,93.09,87.8
327,33,93.2,87.8
328,33,93.09,87.8
329,33,93.2,87.8
330,33,93.2,87.8
330,33,93.31,87.8
331,33,93.31,87.8
331,33,93.43,87.8
332,34,93.54,87.8
332,33,93.54,87.8
333,34,93.65,87.8
334,34,93.65,87.8
335,34,93.65,87.8
335,34,93.65,87.8
336,34,93.65,87.8
336,34,93.65,87.8
337,34,93.65,87.8
338,34,93.76,87.8
338,34,93.76,87.8
338,34,93.76,87.8
339,34,93.76,87.8
340,34,93.76,87.8
341,35,93.88,87.8
342,35,93.76,87.8
343,35,93.65,87.8
344,35,93.65,87.8
344,35,93.54,87.8
345,35,93.65,87.8
345,35,93.54,87.8
346,35,93.43,87.8
347,35,93.2,87.8
347,35,93.2,87.8
348,35,93.2,87.8
348,35,93.09,87.8
349,35,93.09,87.8
350,35,92.97,87.8
350,36,92.97,87.8
351,36,93.2,87.8
351,36,93.31,87.8
352,36,93.31,87.8
352,36,93.43,87.8
353,36,93.43,87.8
354,36,93.43,87.8
354,36,93.54,87.8
355,36,93.43,87.8
356,36,93.43,87.8
357,36,93.43,87.8
358,36,93.31,87.8
357,36,93.43,87.8
357,36,93.54,87.8
359,36,93.54,87.8
359,36,93.65,87.8
360,36,93.65,87.8
360,36,93.76,87.8
361,36,93.76,87.8
362,36,93.76,87.8
364,36,93.76,87.8
364,36,93.99,87.8
364,37,93.99,87.8
365,37,93.99,87.8
366,37,94.1,87.8
366,37,94.21,87.8
367,37,94.32,87.8
367,37,94.32,87.8
368,37,94.32,87.8
369,37,94.44,87.8
369,37,94.55,87.8
370,37,94.66,87.8
371,37,94.66,87.8
371,37,94.66,87.8
372,37,94.66,87.8
372,37,94.77,87.8
373,37,94.77,87.8
374,37,94.77,87.8
375,38,94.77,87.8
375,38,94.77,87.8
376,38,94.66,87.8
376,38,94.55,87.8
377,38,94.55,87.8
377,38,94.55,87.8
378,38,94.55,87.8
379,38,94.55,87.8
380,38,94.44,87.8
380,38,94.44,87.8
381,38,94.44,87.8
381,38,94.66,87.8
382,38,94.77,87.8
382,38,94.77,87.8
383,38,94.89,87.8
384,38,95,87.8
384,38,95,87.8
385,38,95,87.8
385,38,95.11,87.8
386,38,95.22,87.8
386,38,95.22,87.8
387,38,95.34,87.8
387,38,95.45,87.8
388,38,95.45,87.8
389,39,95.56,87.8
389,39,95.56,87.8
390,39,95.68,87.8
390,38,95.68,87.8
391,39,95.56,87.8
391,39,95.56,87.8
392,39,95.68,87.8
393,39,95.68,87.8
393,39,95.56,87.8
394,39,95.45,87.8
394,39,95.34,87.8
395,39,95.45,87.8
395,39,95.45,87.8
396,39,95.45,87.8
397,39,95.56,87.8
397,39,95.56,87.8
397,39,95.56,87.8
398,39,95.34,87.8
398,40,95.34,87.8
399,40,95.22,87.8
399,40,95.34,87.8
400,40,95.34,87.8
401,40,95.34,87.8
402,40,95.45,87.8
403,40,95.45,87.8
403,40,95.45,87.8
404,40,95.45,87.8
404,40,95.56,87.8
404,40,95.56,87.8
405,40,95.68,87.8
406,40,95.68,87.8
406,40,95.68,87.8
407,40,95.56,87.8
407,40,95.56,87.8
408,40,95.56,87.8
409,40,95.56,87.8
410,40,95.56,87.8
409,40,95.56,87.8
410,40,95.56,87.8
411,41,95.68,87.8
412,41,95.68,87.8
412,41,95.79,87.8
413,41,95.9,87.8
413,41,95.9,87.8
414,41,95.9,87.8
415,41,95.68,87.8
416,41,95.68,87.8
416,41,95.68,87.8
417,41,95.9,87.8
418,41,95.9,87.8
418,41,95.79,88.7
419,41,95.79,88.7
420,41,95.68,88.7
420,41,95.68,88.7
421,41,95.68,88.7
421,41,95.56,88.7
422,42,95.68,88.7
422,42,95.79,88.7
423,42,95.9,88.7
423,42,96.01,88.7
425,42,95.9,88.7
425,42,95.9,88.7
425,42,96.01,88.7
426,42,96.13,88.7
427,42,96.24,88.7
428,42,96.35,88.7
427,42,96.35,88.7
428,42,96.46,88.7
428,42,96.46,88.7
430,42,96.57,88.7
430,42,96.69,88.7
430,42,96.8,88.7
431,42,96.8,88.7
432,42,96.69,88.7
433,43,96.69,88.7
433,43,96.57,88.7
433,43,96.46,88.7
434,43,96.46,88.7
435,43,96.35,88.7
436,43,96.13,88.7
436,43,96.13,88.7
437,43,95.9,88.7
437,43,96.01,88.7
438,43,95.9,88.7
439,43,96.01,88.7
439,43,96.01,88.7
440,43,96.01,88.7
441,43,95.9,88.7
442,43,96.01,88.7
442,43,96.01,88.7
443,43,95.9,88.7
443,43,95.9,88.7
443,43,95.79,88.7
444,43,95.68,88.7
445,44,95.68,88.7
446,44,95.79,88.7
446,44,95.9,88.7
447,44,95.9,88.7
447,44,96.01,88.7
447,44,95.9,88.7
448,44,96.13,88.7
449,44,96.01,88.7
450,44,96.13,88.7
451,44,96.13,88.7
451,44,96.24,88.7
452,44,96.35,88.7
452,44,96.46,88.7
453,44,96.46,88.7
453,44,96.46,88.7
454,44,96.35,88.7
455,44,96.35,88.7
455,44,96.24,88.7
456,44,96.35,88.7
457,45,96.35,88.7
457,45,96.35,88.7
458,45,96.35,88.7
459,45,96.24,88.7
459,45,96.24,88.7
459,45,96.24,88.7
460,45,96.24,88.7
461,45,96.35,88.7
461,45,96.46,88.7
462,45,96.57,88.7
462,45,96.46,88.7
463,45,96.35,88.7
464,45,96.35,88.7
464,45,96.46,88.7
465,45,96.69,88.7
465,45,96.91,88.7
467,45,97.03,88.7
466,45,97.25,88.7
467,45,97.14,88.7
468,45,96.91,88.7
468,45,97.03,88.7
469,45,97.03,88.7
469,45,97.14,88.7
470,45,97.14,88.7
471,45,97.03,88.7
470,45,96.91,88.7
469,45,96.91,88.7
470,46,96.8,88.7
472,46,96.8,88.7
473,46,96.8,88.7
474,46,96.8,88.7
476,46,96.8,88.7
477,46,96.8,88.7
477,46,97.03,88.7
477,46,97.14,88.7
478,46,97.36,88.7
479,46,97.36,88.7
480,47,97.47,88.7
480,47,97.47,88.7
480,47,97.47,88.7
481,47,97.36,88.7
481,47,97.25,88.7
483,47,97.47,88.7
482,47,97.7,88.7
484,47,97.7,88.7
484,47,97.81,88.7
485,47,97.7,88.7
486,47,97.81,88.7
486,47,97.92,88.7
487,47,98.04,88.7
487,47,98.04,88.7
487,47,98.04,88.7
489,47,97.92,88.7
489,48,98.04,88.7
490,48,98.04,88.7
490,47,98.04,88.7
492,48,98.04,88.7
492,48,98.04,88.7
493,48,98.04,88.7
493,48,97.81,88.7
494,48,97.81,88.7
494,48,97.81,88.7
495,48,97.92,88.7
495,48,97.92,88.7
496,48,98.04,88.7
496,48,98.15,88.7
496,48,98.26,88.7
497,48,98.26,88.7
498,48,98.26,88.7
498,48,98.04,88.7
499,48,97.92,88.7
498,48,98.04,88.7
500,48,98.04,88.7
500,48,98.15,88.7
501,48,98.26,88.7
501,48,98.26,88.7
502,48,98.15,88.7
502,48,98.26,88.7
503,49,98.26,88.7
503,49,98.04,88.7
504,49,98.15,88.7
504,49,98.15,88.7
504,49,98.26,88.7
505,49,98.49,88.7
506,49,98.6,88.7
505,49,98.6,88.7
506,49,98.71,88.7
507,49,98.71,88.7
507,49,98.82,88.7
508,49,98.94,88.7
508,49,99.16,88.7
509,49,99.16,88.7
509,49,99.39,88.7
510,49,99.39,88.7
510,49,99.5,88.7
511,49,99.61,88.7
512,49,99.72,88.7
512,49,99.84,88.7
512,50,99.72,88.7
513,50,99.61,88.7
513,50,99.5,88.7
513,50,99.61,88.7
515,50,99.61,88.7
515,50,99.72,88.7
516,50,99.84,88.7
516,50,99.95,88.7
517,50,99.95,88.7
517,50,99.95,88.7
518,50,99.95,88.7
519,50,99.84,88.7
519,50,99.72,88.7
520,50,99.72,88.7
520,50,99.84,88.7
521,50,99.72,89.6
521,50,99.72,89.6
522,50,99.61,89.6
523,50,99.61,89.6
523,50,99.39,89.6
524,50,99.28,89.6
525,50,99.39,88.7
525,51,99.28,89.6
525,51,99.05,89.6
527,51,99.05,89.6
527,51,99.05,89.6
527,51,98.94,89.6
527,51,98.82,88.7
528,51,98.82,88.7
529,51,98.71,88.7
529,51,98.6,88.7
529,51,98.49,88.7
529,51,98.38,88.7
530,51,98.49,88.7
530,51,98.49,88.7
531,51,98.6,88.7
532,51,98.71,88.7
532,51,98.82,89.6
533,51,98.94,89.6
533,52,98.94,89.6
533,52,99.05,89.6
534,52,99.05,89.6
535,52,99.28,89.6
536,52,99.39,89.6
536,52,99.16,89.6
536,52,99.16,89.6
537,52,99.16,89.6
537,52,99.05,89.6
537,52,99.05,89.6
538,52,99.05,89.6
539,52,99.05,89.6
539,52,99.16,89.6
540,52,99.28,89.6
540,52,99.28,89.6
540,52,99.39,89.6
541,52,99.5,89.6
541,52,99.72,89.6
542,52,99.72,89.6
542,52,99.95,89.6
542,53,100.06,89.6
543,52,100.29,89.6
543,53,100.4,89.6
544,53,100.4,89.6
544,53,100.63,89.6
545,53,100.74,89.6
546,52,100.96,89.6
545,53,101.07,89.6
546,53,101.19,89.6
546,53,101.19,89.6
547,53,101.41,89.6
547,53,101.53,89.6
547,53,101.53,89.6
548,53,101.64,89.6
549,53,101.64,89.6
549,53,101.86,89.6
550,53,101.97,89.6
550,53,101.97,89.6
550,53,102.09,89.6
551,53,102.2,89.6
551,53,102.09,89.6
552,53,102.2,89.6
552,54,102.2,89.6
553,54,101.97,89.6
554,54,101.86,89.6
554,54,101.86,89.6
554,54,101.75,89.6
555,54,101.86,89.6
555,54,101.97,89.6
556,54,101.86,89.6
557,54,101.75,89.6
557,54,101.75,89.6
557,54,101.53,89.6
557,54,101.41,89.6
558,54,101.3,89.6
559,54,101.19,89.6
558,55,101.3,89.6
559,55,101.41,89.6
560,55,101.53,89.6
560,55,101.53,89.6
560,55,101.41,90.5
561,55,101.64,90.5
560,55,101.75,90.5
561,55,101.86,90.5
562,55,101.86,90.5
562,55,101.86,90.5
563,55,101.75,90.5
563,56,101.64,90.5
564,56,101.64,90.5
564,56,101.53,90.5
565,56,101.53,90.5
565,56,101.41,90.5
566,56,101.41,90.5
566,56,101.41,90.5
566,56,101.41,90.5
567,56,101.3,90.5
567,56,101.41,90.5
568,56,101.41,90.5
568,56,101.41,90.5
568,56,101.53,90.5
569,56,101.53,90.5
569,56,101.64,90.5
570,56,101.86,90.5
571,56,102.09,90.5
570,56,102.31,90.5
571,56,102.42,90.5
571,56,102.65,90.5
571,56,102.76,90.5
572,56,102.65,90.5
572,56,102.65,90.5
573,56,102.65,90.5
573,56,102.65,90.5
574,56,102.54,90.5
574,56,102.65,90.5
575,56,102.65,90.5
574,55,102.65,90.5
574,55,102.65,90.5
575,55,102.54,90.5
574,55,102.65,90.5
575,55,102.88,90.5
576,55,102.99,90.5
575,56,103.1,91.4
573,57,103.1,90.5
578,56,102.99,90.5
581,56,102.88,90.5
580,56,103.1,90.5
580,56,103.1,90.5
580,57,102.99,90.5
581,56,103.1,91.4
581,56,103.1,91.4
581,56,102.99,90.5
581,57,102.99,90.5
582,57,103.1,90.5
582,57,103.1,90.5
582,57,102.99,90.5
583,57,102.99,91.4
583,57,103.1,91.4
583,57,103.32,91.4
583,57,103.66,91.4
584,57,103.66,91.4
585,57,103.66,91.4
585,57,103.78,91.4
585,57,103.66,91.4
584,57,103.66,91.4
585,57,103.55,91.4
586,57,103.55,91.4
586,57,103.78,91.4
587,57,103.66,91.4
587,57,103.78,91.4
587,57,104,91.4
588,57,104.22,91.4
588,57,104.22,91.4
589,57,104.45,91.4
588,57,104.45,91.4
589,58,104.56,91.4
589,58,104.67,91.4
589,58,104.67,91.4
590,58,104.79,91.4
590,58,104.79,91.4
591,58,104.45,91.4
591,58,104.34,91.4
592,58,104.34,91.4
592,58,104,91.4
592,58,104.22,91.4
592,58,104.34,91.4
593,58,104.56,90.5
593,58,104.67,91.4
593,58,104.79,90.5
593,58,104.67,90.5
594,58,104.67,90.5
595,58,104.79,90.5
595,58,105.01,90.5
595,58,105.24,90.5
595,58,105.24,90.5
596,58,105.35,90.5
596,58,105.35,91.4
596,58,105.46,90.5
597,58,105.57,90.5
597,59,105.69,90.5
597,59,105.8,90.5
597,59,105.57,90.5
598,59,105.57,90.5
598,59,105.69,90.5
599,59,105.69,90.5
600,59,105.8,90.5
599,59,105.8,90.5
600,59,105.46,90.5
600,59,105.24,90.5
601,59,105.13,90.5
602,59,104.9,90.5
602,59,104.79,90.5
602,59,104.45,90.5
603,59,104.45,90.5
603,59,104.22,90.5
603,59,104,90.5
604,59,104.11,90.5
604,59,103.89,90.5
604,60,103.89,90.5
605,60,103.78,90.5
604,59,103.89,90.5
605,60,104.11,90.5
605,60,104.22,90.5
606,60,104.45,90.5
607,60,104.67,90.5
607,60,104.79,90.5
607,60,104.56,90.5
608,60,104.56,90.5
608,60,104.56,90.5
608,60,104.79,90.5
608,60,104.79,90.5
609,60,104.9,90.5
609,60,105.01,90.5
610,60,105.01,90.5
610,60,104.9,90.5
611,61,104.9,91.4
611,61,104.9,91.4
611,61,104.9,91.4
611,60,104.79,91.4
612,60,104.9,91.4
612,61,104.79,91.4
612,61,104.79,91.4
612,61,104.67,91.4
613,60,104.67,91.4
613,61,104.79,91.4
613,60,105.01,91.4
613,61,104.79,91.4
613,61,104.79,91.4
614,61,104.67,91.4
614,61,104.79,91.4
614,61,104.9,91.4
615,61,104.9,91.4
615,61,104.9,91.4
616,61,104.9,91.4
616,61,104.79,91.4
617,61,104.79,91.4
617,61,104.79,91.4
617,62,104.9,91.4
617,62,104.9,91.4
617,62,104.79,91.4
618,61,104.67,91.4
618,62,104.56,91.4
618,62,104.45,91.4
619,62,104.67,91.4
619,62,104.67,91.4
619,62,104.56,91.4
620,62,104.45,91.4
620,62,104.56,91.4
620,62,104.56,91.4
620,62,104.56,91.4
621,62,104.56,91.4
621,62,104.56,91.4
621,62,104.56,91.4
622,62,104.56,91.4
622,62,104.34,91.4
622,62,104.22,91.4
623,62,104.11,91.4
622,62,104.22,91.4
623,63,104.34,91.4
623,63,104.22,91.4
623,63,104.56,92.3
623,62,104.79,92.3
624,62,105.13,91.4
624,62,105.46,92.3
624,62,105.69,92.3
625,63,105.91,92.3
625,62,106.03,92.3
624,63,106.25,92.3
625,63,106.47,92.3
625,63,106.47,92.3
625,63,106.7,92.3
625,63,106.81,92.3
625,63,106.92,92.3
626,63,106.92,92.3
625,63,106.92,92.3
626,63,107.04,92.3
626,63,106.92,92.3
627,63,107.04,92.3
627,63,107.04,92.3
627,63,106.92,92.3
627,63,106.81,92.3
627,63,106.81,92.3
628,63,106.7,92.3
631,63,106.59,92.3
632,62,106.7,92.3
632,62,106.81,92.3
631,62,106.92,92.3
631,62,106.92,92.3
631,62,106.92,92.3
632,62,106.92,92.3
633,63,106.92,92.3
630,63,107.04,92.3
630,63,107.26,92.3
630,63,107.26,92.3
630,64,107.15,92.3
630,64,107.26,92.3
631,64,107.38,92.3
631,64,107.26,92.3
631,63,107.04,92.3
631,63,107.15,92.3
631,63,107.38,92.3
631,64,107.49,92.3
632,64,107.26,92.3
631,63,107.49,92.3
632,63,107.49,92.3
632,63,107.38,92.3
632,64,107.49,92.3
633,64,107.6,92.3
632,64,107.49,92.3
633,64,107.26,92.3
633,65,107.15,92.3
633,64,107.26,92.3
633,64,107.38,92.3
634,65,107.71,92.3
634,64,107.94,92.3
634,65,108.05,92.3
634,65,108.05,92.3
635,65,107.94,92.3
635,65,108.05,92.3
635,65,108.28,92.3
635,65,108.39,92.3
635,65,108.5,92.3
635,65,108.5,92.3
635,65,108.61,92.3
636,65,108.84,92.3
636,65,108.84,93.2
636,65,108.84,93.2
636,65,108.72,93.2
636,65,108.84,93.2
637,65,108.95,93.2
637,65,108.95,93.2
637,65,108.84,93.2
637,65,108.95,93.2
638,65,109.17,93.2
637,66,109.29,93.2
638,65,109.17,93.2
638,65,109.17,92.3
638,65,109.17,92.3
638,65,109.17,92.3
639,65,109.29,92.3
639,66,109.29,92.3
639,66,109.4,92.3
640,65,109.4,92.3
638,65,109.51,92.3
638,65,109.63,92.3
638,65,109.63,92.3
637,65,109.63,92.3
638,64,109.51,92.3
638,64,109.06,92.3
639,64,108.61,92.3
639,64,108.5,92.3
639,64,108.61,92.3
641,64,108.61,92.3
641,64,108.61,92.3
640,64,108.72,92.3
640,64,108.95,92.3
641,64,109.17,92.3
641,64,109.29,92.3
641,64,109.29,92.3
642,65,109.4,92.3
643,66,109.51,92.3
643,66,109.63,92.3
643,66,109.74,92.3
643,66,109.63,92.3
644,66,109.63,92.3
644,66,109.63,92.3
644,67,109.63,92.3
644,66,109.4,92.3
645,67,109.29,92.3
645,66,108.95,92.3
645,67,108.95,92.3
645,66,109.17,92.3
646,67,109.4,92.3
646,66,109.29,92.3
646,66,109.4,92.3
646,66,109.51,92.3
646,67,109.06,92.3
646,67,108.84,92.3
647,67,108.61,92.3
647,67,108.39,92.3
648,67,108.16,92.3
648,67,108.05,92.3
648,67,107.82,92.3
648,67,107.82,92.3
648,66,107.82,92.3
649,67,107.82,92.3
648,66,107.6,92.3
648,65,107.49,92.3
648,65,107.26,91.4
649,65,107.15,92.3
649,65,107.04,91.4
649,65,106.7,91.4
649,65,106.7,91.4
649,65,106.92,92.3
649,66,106.92,92.3
649,66,106.7,92.3
650,66,106.59,92.3
650,66,106.59,92.3
651,67,106.36,92.3
651,68,106.25,92.3
651,68,106.03,92.3
652,68,105.91,92.3
652,68,106.03,92.3
652,68,106.14,92.3
653,68,106.25,92.3
653,68,106.25,92.3
653,68,106.25,92.3
653,68,106.25,92.3
653,68,106.25,92.3
653,68,106.47,92.3
654,68,106.47,92.3
654,68,106.47,92.3
655,68,106.59,92.3
655,69,106.59,92.3
655,69,106.47,92.3
655,69,106.36,92.3
655,69,106.36,92.3
655,69,106.7,92.3
655,69,106.7,92.3
655,69,106.59,92.3
656,69,106.81,92.3
656,69,107.04,92.3
655,68,106.92,92.3
655,67,106.92,92.3
656,67,106.92,92.3
656,67,106.92,92.3
656,67,107.15,92.3
656,68,107.15,92.3
656,68,107.26,92.3
656,69,106.92,92.3
655,68,106.92,92.3
657,68,106.92,92.3
658,69,106.92,92.3
658,69,106.92,92.3
659,69,106.92,91.4
659,69,106.92,91.4
659,69,107.04,91.4
659,69,107.15,91.4
659,69,107.04,91.4
660,69,107.26,91.4
660,69,107.49,91.4
660,69,107.94,91.4
660,70,108.05,91.4
660,69,107.94,91.4
660,69,107.94,91.4
661,69,108.16,91.4
661,69,108.28,91.4
661,69,108.5,91.4
661,69,108.72,92.3
661,68,108.95,92.3
662,69,109.06,92.3
662,68,109.06,92.3
662,68,109.29,92.3
662,68,109.51,92.3
662,68,109.51,92.3
662,68,109.4,92.3
663,69,109.51,92.3
662,69,109.74,92.3
663,69,109.74,92.3
663,69,109.85,92.3
663,69,109.96,92.3
663,69,109.96,92.3
663,69,110.3,92.3
664,69,110.3,92.3
664,69,110.19,92.3
664,69,110.07,92.3
664,70,109.96,92.3
664,70,109.4,92.3
664,69,109.29,92.3
664,70,109.63,92.3
664,70,109.85,92.3
664,70,110.07,92.3
664,70,109.96,92.3
664,70,109.63,92.3
665,70,109.74,92.3
665,70,109.63,92.3
665,70,109.63,92.3
665,69,109.51,92.3
665,70,109.63,92.3
666,69,109.63,92.3
665,69,109.74,92.3
666,69,109.85,92.3
665,69,109.96,92.3
666,69,109.85,92.3
666,69,109.74,93.2
666,69,109.63,93.2
666,70,109.74,93.2
666,70,109.63,93.2
666,70,109.63,93.2
667,70,109.74,93.2
666,70,110.19,93.2
666,70,110.41,93.2
667,71,110.64,93.2
667,71,110.86,93.2
668,72,110.97,93.2
668,71,111.09,93.2
667,71,111.31,93.2
668,71,111.42,93.2
668,71,111.65,93.2
668,72,111.65,93.2
668,73,111.76,93.2
669,73,111.88,93.2
669,73,112.1,93.2
669,73,112.21,93.2
670,73,112.21,93.2
669,73,112.32,93.2
669,73,112.44,93.2
669,73,112.44,93.2
670,73,112.66,93.2
670,73,112.66,93.2
670,73,112.55,93.2
670,73,112.55,93.2
670,73,112.55,93.2
670,73,112.32,93.2
670,74,111.99,93.2
671,74,111.76,93.2
671,74,111.09,93.2
671,74,110.53,93.2
671,74,110.64,93.2
671,74,110.53,93.2
671,74,110.75,93.2
671,74,110.75,93.2
671,74,111.09,93.2
671,73,111.42,93.2
671,73,111.65,93.2
672,73,111.65,93.2
672,73,111.65,93.2
672,73,111.65,93.2
672,73,111.88,93.2
672,74,111.99,93.2
673,74,111.99,93.2
673,74,112.1,93.2
673,74,112.1,93.2
673,74,111.99,93.2
673,74,111.99,93.2
673,74,112.1,93.2
673,74,111.76,93.2
674,74,111.54,93.2
674,74,111.2,93.2
674,74,111.09,93.2
673,74,111.31,93.2
674,74,111.42,93.2
674,74,111.42,93.2
674,74,111.76,93.2
674,74,111.88,93.2
674,74,111.99,93.2
674,74,112.32,93.2
674,74,112.44,93.2
674,74,112.66,93.2
675,74,112.55,93.2
675,74,112.44,93.2
675,74,112.32,93.2
675,75,112.1,93.2
675,75,112.21,93.2
675,75,112.44,93.2
675,75,112.32,93.2
675,75,112.1,93.2
676,75,111.99,93.2
675,75,111.65,93.2
676,75,111.54,93.2
676,75,111.65,93.2
676,75,111.54,93.2
676,75,111.42,93.2
676,75,111.31,93.2
676,75,111.09,93.2
676,75,110.97,93.2
677,75,110.86,93.2
677,75,110.64,93.2
677,75,110.53,93.2
677,75,110.3,93.2
677,74,110.3,93.2
677,74,110.53,93.2
677,74,110.64,93.2
677,74,110.64,93.2
677,74,110.75,93.2
677,74,110.64,93.2
677,73,110.53,93.2
677,75,110.64,93.2
678,75,110.53,93.2
678,75,110.64,93.2
677,75,110.53,93.2
678,75,110.64,93.2
678,75,110.75,93.2
676,75,110.86,93.2
678,76,110.41,93.2
680,76,110.3,93.2
680,76,110.41,93.2
679,77,110.86,93.2
680,77,111.09,93.2
679,77,111.2,93.2
680,76,111.31,93.2
680,77,111.2,93.2
679,77,111.31,93.2
679,77,111.54,93.2
679,77,111.65,93.2
680,76,111.65,93.2
679,77,111.76,93.2
680,76,111.88,93.2
680,76,111.88,93.2
680,76,112.1,93.2
681,76,112.32,93.2
680,76,112.44,93.2
680,76,112.55,93.2
680,77,112.44,93.2
680,77,112.55,93.2
680,77,112.66,93.2
680,77,113,93.2
680,76,113.11,94.1
680,77,113.34,94.1
680,76,113.56,94.1
681,76,113.34,94.1
680,76,112.89,94.1
681,75,113.11,94.1
680,76,113,93.2
681,76,113,94.1
681,76,112.89,93.2
681,80,112.44,94.1
681,77,112.32,93.2
681,76,112.21,93.2
681,76,111.99,93.2
681,77,111.88,93.2
682,77,111.76,93.2
682,77,111.99,93.2
682,77,112.32,93.2
682,77,112.55,94.1
681,77,112.32,94.1
681,77,112.21,93.2
682,77,112.44,94.1
682,77,112.44,94.1
682,77,112.32,94.1
683,77,112.44,94.1
683,77,112.66,94.1
683,77,112.89,94.1
683,77,113.22,94.1
683,77,113.34,94.1
683,76,113.45,94.1
683,76,113.45,94.1
683,77,113.11,94.1
683,78,113,93.2
683,79,112.78,93.2
684,80,112.44,93.2
684,80,111.99,93.2
684,80,111.76,93.2
684,80,111.88,93.2
684,80,111.76,93.2
684,80,111.65,94.1
684,80,111.65,94.1
684,80,111.42,94.1
685,80,111.2,94.1
685,80,110.86,94.1
685,80,110.97,94.1
685,80,111.09,94.1
685,80,111.2,94.1
685,80,111.31,94.1
686,80,111.65,94.1
686,80,111.99,94.1
686,80,112.32,94.1
686,80,112.66,94.1
686,80,112.78,94.1
685,80,112.55,94.1
686,80,112.55,94.1
686,80,112.66,94.1
686,79,112.66,94.1
687,79,112.66,94.1
687,79,112.44,94.1
687,79,112.21,94.1
687,79,111.99,94.1
687,79,111.76,94.1
686,79,111.76,94.1
687,79,111.54,94.1
687,79,111.54,94.1
687,79,111.65,94.1
687,80,111.65,94.1
687,80,111.31,94.1
687,79,111.2,94.1
687,79,111.2,94.1
687,79,110.86,94.1
688,79,110.75,94.1
688,79,110.64,94.1
687,79,110.53,94.1
687,79,110.41,94.1
688,79,110.41,94.1
688,80,110.53,94.1
688,80,110.53,94.1
688,79,110.75,94.1
688,79,110.86,94.1
688,80,110.86,94.1
688,80,110.86,94.1
688,80,110.97,94.1
688,79,111.09,94.1
689,80,111.31,94.1
689,80,111.2,94.1
689,80,111.31,94.1
689,81,111.09,94.1
689,81,110.97,94.1
689,81,110.86,94.1
689,80,110.86,94.1
689,81,110.86,94.1
689,81,110.86,94.1
689,82,110.86,94.1
689,82,111.09,95
689,82,111.42,95
689,82,111.88,95
689,82,112.21,95
689,82,112.55,95
689,82,112.78,95
689,82,112.66,95
689,82,112.44,95
689,82,112.55,95
689,82,112.78,95
689,82,112.44,95
690,82,112.21,95
689,82,111.99,95
690,82,111.76,95
690,82,111.88,95
690,82,112.44,95
690,82,112.55,95
690,82,112.78,95
690,82,113.11,95
690,81,113.34,95
690,81,113.67,95
690,81,113.9,95
690,82,113.79,95
690,82,113.56,95
690,82,113.45,95
690,81,113.45,95.9
690,81,113.34,95.9
690,81,113.45,95.9
690,82,113.56,95.9
690,82,113.56,95.9
690,82,113.9,95.9
690,82,114.13,95.9
690,82,114.13,95.9
690,82,114.13,95.9
690,82,114.13,95.9
690,82,114.35,95.9
690,82,114.57,95.9
690,83,114.91,95.9
690,83,115.03,95.9
690,83,114.91,95.9
690,83,115.03,95.9
690,83,115.14,95.9
690,83,115.14,95.9
691,82,115.14,95.9
690,82,115.14,96.8
690,82,115.36,96.8
690,82,115.14,96.8
691,82,115.14,96.8
690,81,115.14,96.8
691,82,115.03,96.8
691,82,115.14,96.8
691,83,115.03,96.8
692,83,114.8,96.8
691,83,114.69,96.8
692,83,114.8,95.9
693,83,114.91,95.9
692,83,114.8,95.9
692,83,115.14,95.9
693,83,115.25,95.9
693,83,114.8,95.9
692,83,114.69,95.9
692,83,114.57,95.9
692,83,114.35,95.9
693,83,114.46,95.9
694,83,114.69,95.9
693,83,114.35,95.9
693,83,114.46,95.9
693,83,114.57,95.9
693,83,114.69,95.9
693,83,114.35,95.9
693,84,114.35,95.9
693,84,114.46,95.9
693,84,114.8,95.9
693,84,115.14,95.9
692,84,115.36,95.9
693,84,115.25,95.9
692,84,115.14,95.9
692,84,115.14,95.9
692,84,115.47,95.9
692,84,115.7,95.9
693,84,116.04,95.9
693,84,116.04,95.9
692,84,116.04,95.9
693,84,116.26,96.8
693,83,116.26,96.8
693,83,116.15,96.8
693,83,116.04,96.8
693,84,115.7,96.8
693,83,115.92,96.8
693,84,116.26,96.8
693,84,116.6,96.8
693,84,116.82,96.8
693,84,116.94,96.8
693,84,117.16,96.8
693,84,117.28,96.8
693,84,117.39,96.8
693,84,117.39,96.8
693,84,117.16,96.8
693,84,116.94,96.8
694,84,116.82,96.8
693,84,116.49,96.8
694,84,116.15,96.8
694,84,116.15,96.8
693,84,115.92,96.8
693,84,116.49,96.8
693,84,116.71,96.8
693,84,116.82,96.8
693,84,116.94,96.8
693,84,117.05,97.7
694,84,116.82,97.7
694,85,116.6,97.7
694,84,116.6,97.7
694,85,116.71,97.7
694,85,116.6,97.7
694,84,116.04,97.7
694,85,115.92,97.7
694,85,115.81,97.7
694,85,115.7,97.7
694,85,115.7,97.7
694,85,115.7,97.7
695,85,115.59,97.7
694,85,115.7,97.7
695,85,116.04,97.7
695,85,116.26,97.7
695,85,115.92,97.7
695,85,116.38,97.7
694,85,116.6,97.7
695,85,116.94,97.7
695,85,117.16,97.7
695,85,117.5,97.7
694,85,117.61,97.7
696,85,117.84,97.7
695,85,117.84,97.7
696,85,118.06,97.7
696,85,118.17,96.8
695,85,118.17,96.8
695,85,118.29,96.8
695,85,117.84,96.8
695,85,117.61,96.8
695,85,117.05,96.8
696,85,116.82,96.8
696,85,116.49,96.8
696,85,116.49,96.8
695,85,116.49,96.8
696,85,116.26,96.8
696,85,116.04,96.8
696,85,115.92,96.8
697,85,115.7,96.8
696,85,115.81,96.8
696,85,116.04,96.8
697,85,116.04,96.8
697,85,116.04,96.8
697,85,115.7,96.8
697,85,115.81,96.8
697,85,115.92,96.8
696,86,115.47,96.8
697,86,115.59,96.8
697,85,115.7,96.8
697,86,115.59,96.8
698,85,115.14,96.8
697,86,114.91,96.8
698,86,114.69,96.8
697,86,114.57,96.8
698,86,114.46,96.8
699,86,114.57,96.8
698,85,114.8,96.8
698,85,115.14,96.8
698,86,115.47,96.8
698,86,116.04,96.8
698,86,115.92,95.9
697,86,115.7,96.8
699,86,115.7,96.8
699,86,115.7,96.8
698,86,115.7,96.8
698,86,116.04,96.8
698,86,116.49,96.8
699,86,116.82,96.8
698,86,117.16,96.8
699,86,117.39,96.8
699,86,117.5,96.8
698,86,117.61,96.8
697,86,117.61,96.8
698,86,117.84,96.8
697,86,118.06,96.8
698,86,118.17,96.8
698,86,118.4,96.8
698,86,118.4,96.8
697,86,118.51,96.8
697,86,118.85,96.8
697,86,118.85,96.8
697,87,119.19,96.8
698,87,119.07,96.8
697,86,118.63,96.8
697,86,118.85,96.8
698,86,118.96,96.8
699,86,118.96,96.8
698,86,118.96,96.8
699,86,118.96,96.8
699,86,118.85,96.8
698,86,119.07,96.8
698,86,119.19,96.8
699,86,119.19,96.8
698,86,119.07,96.8
699,86,118.51,96.8
699,86,118.4,96.8
699,86,118.4,96.8
699,86,118.4,96.8
699,86,118.4,96.8
699,86,118.85,96.8
699,86,118.85,96.8
700,86,119.07,96.8
699,86,119.19,96.8
699,86,119.19,96.8
699,86,119.3,96.8
699,87,119.64,96.8
699,87,119.75,96.8
698,87,119.97,96.8
698,87,120.09,96.8
698,87,119.86,96.8
699,87,119.64,96.8
698,86,119.75,96.8
698,87,119.97,96.8
698,87,120.09,96.8
698,87,120.09,96.8
698,87,119.97,96.8
698,87,120.09,96.8
698,87,120.2,96.8
698,87,120.2,96.8
698,87,119.75,96.8
698,87,119.52,96.8
698,87,119.86,96.8
698,87,120.09,96.8
698,87,120.42,96.8
698,87,120.42,96.8
698,87,120.31,96.8
698,87,120.09,97.7
698,87,119.75,97.7
698,87,119.75,97.7
698,87,119.97,97.7
698,87,119.86,97.7
698,87,119.97,97.7
698,88,120.09,97.7
698,87,120.09,97.7
699,87,120.2,97.7
699,87,120.42,97.7
698,87,120.31,97.7
698,87,120.54,97.7
698,87,120.76,97.7
698,87,120.99,97.7
698,87,121.21,97.7
698,87,121.32,97.7
698,88,121.44,97.7
699,88,121.32,97.7
699,88,120.76,97.7
700,88,120.2,97.7
699,88,119.86,97.7
699,88,119.97,96.8
700,88,119.64,96.8
699,88,119.86,96.8
699,88,120.2,96.8
699,88,120.54,96.8
699,88,120.88,96.8
699,88,121.1,97.7
699,88,121.21,97.7
699,88,121.1,97.7
699,88,121.44,97.7
699,88,121.44,97.7
699,88,121.1,97.7
698,88,120.76,97.7
698,88,120.2,97.7
699,88,119.75,96.8
699,88,119.07,96.8
699,88,118.51,96.8
699,88,118.51,96.8
699,88,118.17,96.8
699,88,117.95,96.8
699,88,117.95,96.8
699,88,118.17,96.8
699,89,118.63,96.8
699,88,119.07,97.7
699,88,119.64,97.7
700,88,119.97,97.7
699,88,119.97,97.7
700,88,119.52,97.7
700,88,119.07,97.7
700,88,118.74,96.8
699,88,118.51,96.8
702,88,118.17,96.8
701,88,117.72,96.8
700,88,117.16,96.8
700,88,116.94,96.8
700,89,116.71,96.8
700,88,116.82,96.8
700,88,116.6,96.8
700,88,116.49,96.8
701,88,116.38,96.8
700,89,116.49,96.8
700,89,116.49,96.8
700,89,116.26,96.8
700,88,116.26,96.8
701,89,116.26,96.8
701,89,116.15,96.8
701,88,116.04,96.8
701,89,115.92,96.8
701,89,116.04,96.8
701,89,116.38,96.8
701,89,116.71,96.8
701,89,116.49,96.8
701,89,117.05,96.8
701,89,117.16,96.8
701,89,117.28,96.8
701,88,117.5,96.8
702,88,117.72,96.8
702,88,117.16,96.8
702,88,116.49,96.8
702,88,116.15,96.8
702,89,116.26,96.8
703,88,116.6,96.8
702,88,117.05,96.8
702,88,117.5,96.8
702,89,117.72,96.8
701,89,117.84,96.8
700,90,118.29,96.8
700,88,118.74,96.8
700,88,118.51,97.7
700,88,118.4,97.7
700,88,118.51,97.7
701,88,118.17,97.7
701,88,117.84,97.7
700,89,117.61,96.8
700,89,117.28,96.8
700,89,117.39,96.8
700,90,116.94,96.8
700,90,116.94,96.8
700,90,116.94,96.8
